id_produto,nome_produto,categoria,custo_unitario,preco_atual
P01,Café expresso,Bebida quente,"1,20","R$ 6,00"
P02,Cappuccino,Bebida quente,"2,80","R$ 12,90"
P03,Café com leite,Bebida quente,"1,60","R$ 7,50"
P04,Latte,Bebida quente,"2,40","R$ 11,00"
P05,Chá de capim-santo,Bebida quente,"0,90","R$ 6,50"
P06,Café gelado,Bebida fria,"3,10","R$ 13,00"
P07,Suco de laranja,Bebida fria,"2,60","R$ 9,00"
P08,Tapioca de queijo coalho,Salgado,"3,50","R$ 12,00"
P09,Tapioca de carne de sol,Salgado,"5,80","R$ 16,00"
P10,Pão de queijo,Salgado,"1,40","R$ 5,50"
P11,Cuscuz com ovo,Salgado,"3,20","R$ 13,00"
P12,Misto quente,Salgado,"3,00","R$ 11,00"
P13,Sanduíche natural,Salgado,"4,60","R$ 14,00"
P14,Croissant,Doce,"3,30","R$ 10,00"
P15,Bolo de macaxeira,Doce,"2,10","R$ 8,00"
P16,Brigadeiro,Doce,"0,90","R$ 4,00"
