id_cliente,nome,bairro,data_cadastro,programa_fidelidade,idade,email
C0001,Henrique Cavalcanti,Tambaú,2024-03-22,Não,47,henrique.cavalcanti1@email.com
C0002,Patrícia Gomes,Bancários,2025-08-07,Sim,41,patricia.gomes2@email.com
C0003,Gabriela Ferreira,Centro,2025-08-20,Sim,32,gabriela.ferreira3@email.com
C0004,Samuel Lins,Tambaú,2025-03-03,Sim,52,samuel.lins4@email.com
C0005,Yasmin Barbosa,Manaíra,2026-04-06,Não,47,yasmin.barbosa5@email.com
C0006,Davi Rocha,Jardim Oceania,2026-02-16,Sim,39,davi.rocha6@email.com
C0007,Paulo Dantas,Bessa,2025-03-23,Sim,55,paulo.dantas7@email.com
C0008,Camila Ferreira,Bessa,2025-06-19,Não,27,camila.ferreira8@email.com
C0009,Ana Lins,Bessa,2025-11-08,Não,48,ana.lins9@email.com
C0010,Felipe Souza,Miramar,2024-11-23,Sim,46,felipe.souza10@email.com
C0011,Sofia Souza,Altiplano,2024-10-31,Não,28,sofia.souza11@email.com
C0012,Camila Silva,Tambaú,2024-07-10,Sim,49,camila.silva12@email.com
C0013,Paulo Cavalcanti,Jardim Oceania,2024-07-20,Não,27,paulo.cavalcanti13@email.com
C0014,Mateus Medeiros,Manaíra,2024-08-02,Não,21,mateus.medeiros14@email.com
C0015,Rafaela Nóbrega,Tambaú,2024-10-20,Não,33,rafaela.nobrega15@email.com
C0016,Beatriz Medeiros,Tambaú,2025-07-11,Sim,38,beatriz.medeiros16@email.com
C0017,Patrícia Oliveira,Bancários,2026-05-24,Sim,22,patricia.oliveira17@email.com
C0018,Arthur Oliveira,Bessa,2026-02-21,Não,44,arthur.oliveira18@email.com
C0019,Yasmin Rocha,Bancários,2025-10-01,Não,22,yasmin.rocha19@email.com
C0020,Sofia Araújo,Cabo Branco,2025-10-10,Não,24,sofia.araujo20@email.com
C0021,André Lima,Jardim Oceania,2024-12-20,Não,49,andre.lima21@email.com
C0022,Davi Araújo,Manaíra,2024-11-17,Não,25,davi.araujo22@email.com
C0023,Bruno Nóbrega,Tambaú,2025-05-22,Sim,63,bruno.nobrega23@email.com
C0024,Caio Ribeiro,Torre,2026-05-01,Não,25,caio.ribeiro24@email.com
C0025,Marcos Oliveira,Bancários,2024-07-26,Não,48,marcos.oliveira25@email.com
C0026,Gustavo Dantas,Bancários,2025-10-11,Sim,26,gustavo.dantas26@email.com
C0027,Yasmin Carvalho,Bessa,2025-01-24,Sim,30,yasmin.carvalho27@email.com
C0028,Henrique Barbosa,Miramar,2026-03-13,Não,36,henrique.barbosa28@email.com
C0029,Patrícia Lins,Manaíra,2024-10-10,Sim,38,patricia.lins29@email.com
C0030,Paulo Medeiros,Tambaú,2025-05-27,Sim,40,paulo.medeiros30@email.com
C0031,Renata Almeida,Altiplano,2024-05-26,Não,34,renata.almeida31@email.com
C0032,Letícia Dantas,Bessa,2026-05-10,Sim,27,leticia.dantas32@email.com
C0033,Fernanda Gomes,Jardim Oceania,2026-02-05,Não,32,fernanda.gomes33@email.com
C0034,Renata Silva,Manaíra,2026-05-24,Não,40,renata.silva34@email.com
C0035,Davi Ferreira,Cabo Branco,2024-04-11,Não,22,davi.ferreira35@email.com
C0036,Isabela Santos,Altiplano,2026-04-05,Sim,32,isabela.santos36@email.com
C0037,Renata Souza,Jardim Oceania,2025-04-20,Não,42,renata.souza37@email.com
C0038,Elaine Barbosa,Cabo Branco,2026-05-29,Não,27,elaine.barbosa38@email.com
C0039,Fernanda Lima,Bessa,2025-09-28,Sim,29,fernanda.lima39@email.com
C0040,Fernanda Ferreira,Tambaú,2025-11-26,Sim,36,fernanda.ferreira40@email.com
C0041,Henrique Ribeiro,Bessa,2025-04-08,Sim,27,henrique.ribeiro41@email.com
C0042,Fernanda Rocha,Centro,2024-08-03,Não,36,fernanda.rocha42@email.com
C0043,Rafaela Rocha,Tambaú,2024-06-13,Não,50,rafaela.rocha43@email.com
C0044,Gustavo Araújo,Manaíra,2024-05-09,Não,31,gustavo.araujo44@email.com
C0045,Yasmin Gomes,Bancários,2025-04-16,Sim,42,yasmin.gomes45@email.com
C0046,Fernanda Medeiros,Jardim Oceania,2025-10-05,Sim,31,fernanda.medeiros46@email.com
C0047,Marcos Costa,Tambaú,2025-07-22,Sim,22,marcos.costa47@email.com
C0048,Sofia Almeida,Manaíra,2025-12-03,Não,30,sofia.almeida48@email.com
C0049,Ana Santos,Miramar,2025-01-16,Sim,17,ana.santos49@email.com
C0050,João Lins,Bessa,2026-04-12,Não,36,joao.lins50@email.com
C0051,André Gomes,Tambaú,2024-07-20,Não,27,andre.gomes51@email.com
C0052,Paulo Nóbrega,Altiplano,2025-05-05,Sim,32,paulo.nobrega52@email.com
C0053,Mariana Almeida,Bancários,2024-06-23,Não,47,mariana.almeida53@email.com
C0054,Paulo Ribeiro,Tambaú,2024-10-19,Sim,31,paulo.ribeiro54@email.com
C0055,Patrícia Carvalho,Manaíra,2025-01-18,Não,41,patricia.carvalho55@email.com
C0056,Marcos Rocha,Tambaú,2026-02-12,Não,35,marcos.rocha56@email.com
C0057,Carla Araújo,Manaíra,2025-06-16,Sim,28,carla.araujo57@email.com
C0058,Vitória Ribeiro,Jardim Oceania,2024-11-27,Sim,31,vitoria.ribeiro58@email.com
C0059,Gabriela Ribeiro,Bancários,2025-05-29,Não,26,gabriela.ribeiro59@email.com
C0060,Patrícia Almeida,Altiplano,2025-03-23,Não,48,patricia.almeida60@email.com
C0061,Camila Pereira,Tambaú,2025-05-19,Não,25,camila.pereira61@email.com
C0062,Marcos Carvalho,Tambaú,2026-03-05,Sim,24,marcos.carvalho62@email.com
C0063,Eduarda Almeida,Manaíra,2025-09-01,Sim,17,eduarda.almeida63@email.com
C0064,Paulo Nóbrega,Manaíra,2026-02-17,Sim,24,paulo.nobrega64@email.com
C0065,Gabriela Costa,Bessa,2025-08-09,Sim,44,gabriela.costa65@email.com
C0066,Letícia Lima,Miramar,2026-01-17,Não,24,leticia.lima66@email.com
C0067,Camila Silva,Jardim Oceania,2026-04-18,Sim,37,camila.silva67@email.com
C0068,Felipe Silva,Cabo Branco,2024-11-06,Não,21,felipe.silva68@email.com
C0069,Camila Dantas,Altiplano,2026-03-18,Sim,54,camila.dantas69@email.com
C0070,Igor Oliveira,Bancários,2025-05-23,Não,17,igor.oliveira70@email.com
C0071,Elaine Costa,Tambaú,2025-09-02,Não,40,elaine.costa71@email.com
C0072,Pedro Souza,Altiplano,2026-05-10,Não,30,pedro.souza72@email.com
C0073,Elaine Santos,Cabo Branco,2026-05-17,Não,34,elaine.santos73@email.com
C0074,Igor Almeida,Centro,2025-04-22,Não,29,igor.almeida74@email.com
C0075,Beatriz Lima,Manaíra,2025-04-04,Sim,51,beatriz.lima75@email.com
C0076,Ana Cavalcanti,Torre,2025-11-05,Não,17,ana.cavalcanti76@email.com
C0077,Lorena Dantas,Tambaú,2025-05-27,Não,34,lorena.dantas77@email.com
C0078,Paulo Lima,Centro,2025-10-02,Sim,46,paulo.lima78@email.com
C0079,Igor Ferreira,Tambaú,2024-08-31,Sim,38,igor.ferreira79@email.com
C0080,Fernanda Dantas,Cabo Branco,2025-11-26,Não,32,fernanda.dantas80@email.com
C0081,Isabela Lins,Jardim Oceania,2026-04-07,Não,26,isabela.lins81@email.com
C0082,Patrícia Araújo,Manaíra,2024-05-16,Sim,42,patricia.araujo82@email.com
C0083,Felipe Barbosa,Miramar,2024-05-02,Sim,31,felipe.barbosa83@email.com
C0084,Larissa Lima,Jardim Oceania,2026-04-30,Não,32,larissa.lima84@email.com
C0085,Lorena Araújo,Manaíra,2025-11-14,Sim,40,lorena.araujo85@email.com
C0086,Patrícia Barbosa,Centro,2024-04-21,Não,34,patricia.barbosa86@email.com
C0087,Júlia Lima,Jardim Oceania,2024-03-16,Não,37,julia.lima87@email.com
C0088,Renata Costa,Tambaú,2026-04-25,Sim,35,renata.costa88@email.com
C0089,Júlia Silva,Miramar,2024-07-24,Sim,32,julia.silva89@email.com
C0090,Gabriela Medeiros,Manaíra,2025-06-12,Não,35,gabriela.medeiros90@email.com
C0091,Eduarda Santos,Cabo Branco,2025-09-15,Não,27,eduarda.santos91@email.com
C0092,Beatriz Nóbrega,Centro,2025-07-11,Não,31,beatriz.nobrega92@email.com
C0093,Bruno Silva,Jardim Oceania,2026-01-18,Sim,34,bruno.silva93@email.com
C0094,Patrícia Carvalho,Tambaú,2025-03-19,Não,32,patricia.carvalho94@email.com
C0095,Vitória Araújo,Bancários,2025-12-25,Sim,53,vitoria.araujo95@email.com
C0096,Camila Cavalcanti,Miramar,2025-09-30,Não,43,camila.cavalcanti96@email.com
C0097,Henrique Carvalho,Altiplano,2025-09-14,Sim,28,henrique.carvalho97@email.com
C0098,André Dantas,Centro,2024-03-02,Sim,49,andre.dantas98@email.com
C0099,Elaine Pereira,Tambaú,2024-11-08,Não,26,elaine.pereira99@email.com
C0100,João Dantas,Tambaú,2025-05-02,Não,53,joao.dantas100@email.com
C0101,Renata Costa,Bessa,2025-09-16,Não,30,renata.costa101@email.com
C0102,Marcos Lins,Altiplano,2025-08-01,Não,36,marcos.lins102@email.com
C0103,Arthur Ribeiro,Torre,2025-05-20,Não,25,arthur.ribeiro103@email.com
C0104,Samuel Ferreira,Torre,2025-08-07,Sim,33,samuel.ferreira104@email.com
C0105,Eduarda Rocha,Torre,2024-12-18,Sim,24,eduarda.rocha105@email.com
C0106,Gustavo Santos,Miramar,2025-10-31,Sim,49,gustavo.santos106@email.com
C0107,Mariana Pereira,Torre,2025-01-05,Não,27,mariana.pereira107@email.com
C0108,Carla Rocha,Manaíra,2024-11-12,Não,47,carla.rocha108@email.com
C0109,Diego Ribeiro,Altiplano,2025-04-29,Não,32,diego.ribeiro109@email.com
C0110,Mariana Carvalho,Manaíra,2024-12-12,Sim,30,mariana.carvalho110@email.com
C0111,Bruno Lima,Altiplano,2025-11-13,Sim,41,bruno.lima111@email.com
C0112,Renata Costa,Centro,2025-03-13,Sim,19,renata.costa112@email.com
C0113,Renata Lima,Altiplano,2025-11-28,Não,43,renata.lima113@email.com
C0114,Larissa Pereira,Altiplano,2026-02-22,Não,34,larissa.pereira114@email.com
C0115,Júlia Almeida,Miramar,2025-12-25,Não,27,julia.almeida115@email.com
C0116,Marcos Rocha,Manaíra,2025-07-19,Não,40,marcos.rocha116@email.com
C0117,Letícia Oliveira,Manaíra,2024-10-21,Sim,51,leticia.oliveira117@email.com
C0118,Júlia Araújo,Centro,2025-02-15,Não,42,julia.araujo118@email.com
C0119,Lucas Nóbrega,Altiplano,2025-06-27,Sim,50,lucas.nobrega119@email.com
C0120,Lucas Almeida,Tambaú,2026-04-23,Sim,24,lucas.almeida120@email.com
C0121,André Carvalho,Centro,2025-05-09,Não,53,andre.carvalho121@email.com
C0122,Letícia Araújo,Cabo Branco,2025-06-29,Não,44,leticia.araujo122@email.com
C0123,André Pereira,Manaíra,2025-05-01,Não,17,andre.pereira123@email.com
C0124,Vitória Gomes,Bancários,2025-10-10,Sim,29,vitoria.gomes124@email.com
C0125,Fernanda Ribeiro,Manaíra,2024-05-22,Sim,31,fernanda.ribeiro125@email.com
C0126,Henrique Gomes,Torre,2025-03-12,Sim,38,henrique.gomes126@email.com
C0127,Renata Almeida,Torre,2025-01-18,Não,31,renata.almeida127@email.com
C0128,Gabriela Costa,Centro,2025-10-15,Sim,31,gabriela.costa128@email.com
C0129,Natália Silva,Altiplano,2026-04-30,Sim,32,natalia.silva129@email.com
C0130,Felipe Ribeiro,Altiplano,2025-06-03,Sim,41,felipe.ribeiro130@email.com
C0131,Arthur Barbosa,Centro,2025-07-07,Sim,46,arthur.barbosa131@email.com
C0132,Igor Pereira,Bancários,2024-09-07,Sim,19,igor.pereira132@email.com
C0133,Bruno Nóbrega,Manaíra,2024-07-05,Não,35,bruno.nobrega133@email.com
C0134,Larissa Nóbrega,Jardim Oceania,2025-01-05,Sim,17,larissa.nobrega134@email.com
C0135,Yasmin Dantas,Altiplano,2024-08-24,Não,43,yasmin.dantas135@email.com
C0136,Igor Costa,Centro,2024-03-24,Não,33,igor.costa136@email.com
C0137,Henrique Lins,Altiplano,2024-06-06,Não,33,henrique.lins137@email.com
C0138,Rodrigo Rocha,Jardim Oceania,2025-06-06,Sim,17,rodrigo.rocha138@email.com
C0139,Davi Costa,Bancários,2025-05-03,Sim,43,davi.costa139@email.com
C0140,Davi Araújo,Bancários,2025-09-17,Não,24,davi.araujo140@email.com
C0141,Davi Almeida,Centro,2024-07-05,Não,44,davi.almeida141@email.com
C0142,Yasmin Lima,Tambaú,2024-08-03,Não,43,yasmin.lima142@email.com
C0143,Gabriela Almeida,Manaíra,2025-04-22,Sim,35,gabriela.almeida143@email.com
C0144,Gabriela Barbosa,Tambaú,2024-10-30,Sim,22,gabriela.barbosa144@email.com
C0145,Larissa Souza,Miramar,2024-06-29,Não,35,larissa.souza145@email.com
C0146,Diego Nóbrega,Manaíra,2024-12-04,Não,33,diego.nobrega146@email.com
C0147,Lucas Souza,Tambaú,2025-10-20,Não,41,lucas.souza147@email.com
C0148,Patrícia Cavalcanti,Manaíra,2025-02-15,Sim,23,patricia.cavalcanti148@email.com
C0149,Rodrigo Dantas,Jardim Oceania,2026-02-08,Não,25,rodrigo.dantas149@email.com
C0150,Eduarda Araújo,Manaíra,2025-06-04,Sim,34,eduarda.araujo150@email.com
C0151,Vitória Pereira,Bessa,2024-12-31,Sim,26,vitoria.pereira151@email.com
C0152,Rafaela Almeida,Bancários,2025-01-20,Sim,26,rafaela.almeida152@email.com
C0153,Eduarda Silva,Tambaú,2024-06-25,Sim,40,eduarda.silva153@email.com
C0154,Letícia Almeida,Altiplano,2024-04-07,Não,32,leticia.almeida154@email.com
C0155,Letícia Silva,Miramar,2024-07-04,Sim,26,leticia.silva155@email.com
C0156,Diego Souza,Altiplano,2025-05-13,Sim,44,diego.souza156@email.com
C0157,Pedro Silva,Cabo Branco,2025-12-24,Sim,35,pedro.silva157@email.com
C0158,Thiago Souza,Tambaú,2025-09-29,Sim,28,thiago.souza158@email.com
C0159,Gabriela Rocha,Tambaú,2026-02-24,Sim,27,gabriela.rocha159@email.com
C0160,Davi Nóbrega,Tambaú,2025-11-01,Sim,32,davi.nobrega160@email.com
C0161,Vitória Ribeiro,Manaíra,2024-09-15,Não,30,vitoria.ribeiro161@email.com
C0162,Samuel Lins,Jardim Oceania,2025-04-16,Sim,29,samuel.lins162@email.com
C0163,Carla Medeiros,Cabo Branco,2024-06-19,Não,40,carla.medeiros163@email.com
C0164,Vitória Lins,Bessa,2025-06-24,Sim,55,vitoria.lins164@email.com
C0165,Mateus Lins,Altiplano,2024-12-13,Não,33,mateus.lins165@email.com
C0166,André Barbosa,Bancários,2024-06-14,Sim,27,andre.barbosa166@email.com
C0167,Henrique Nóbrega,Miramar,2024-12-02,Não,25,henrique.nobrega167@email.com
C0168,Patrícia Almeida,Manaíra,2024-11-14,Sim,28,patricia.almeida168@email.com
C0169,Júlia Araújo,Cabo Branco,2025-07-18,Não,22,julia.araujo169@email.com
C0170,Beatriz Santos,Manaíra,2025-11-30,Sim,27,beatriz.santos170@email.com
C0171,Marcos Silva,Bancários,2025-12-25,Não,41,marcos.silva171@email.com
C0172,Sofia Cavalcanti,Cabo Branco,2026-04-25,Sim,38,sofia.cavalcanti172@email.com
C0173,Sofia Souza,Manaíra,2024-04-24,Não,27,sofia.souza173@email.com
C0174,Thiago Barbosa,Jardim Oceania,2025-08-27,Sim,21,thiago.barbosa174@email.com
C0175,Vitória Dantas,Altiplano,2024-05-09,Não,23,vitoria.dantas175@email.com
C0176,Bruno Rocha,Bessa,2024-10-12,Não,31,bruno.rocha176@email.com
C0177,Arthur Costa,Cabo Branco,2024-08-23,Não,36,arthur.costa177@email.com
C0178,Yasmin Santos,Manaíra,2025-09-14,Sim,26,yasmin.santos178@email.com
C0179,Henrique Pereira,Miramar,2024-12-14,Não,56,henrique.pereira179@email.com
C0180,Elaine Souza,Manaíra,2025-11-20,Sim,30,elaine.souza180@email.com
C0181,Henrique Santos,Altiplano,2024-12-13,Não,35,henrique.santos181@email.com
C0182,Isabela Gomes,Manaíra,2024-12-05,Não,34,isabela.gomes182@email.com
C0183,Beatriz Lins,Tambaú,2025-09-04,Sim,37,beatriz.lins183@email.com
C0184,Thiago Silva,Altiplano,2025-08-17,Não,40,thiago.silva184@email.com
C0185,Marcos Dantas,Tambaú,2026-02-10,Sim,25,marcos.dantas185@email.com
C0186,Isabela Nóbrega,Bessa,2024-10-21,Não,24,isabela.nobrega186@email.com
C0187,Letícia Medeiros,Tambaú,2024-10-10,Não,27,leticia.medeiros187@email.com
C0188,Júlia Ferreira,Jardim Oceania,2025-03-21,Sim,34,julia.ferreira188@email.com
C0189,Letícia Ferreira,Bessa,2025-11-25,Sim,29,leticia.ferreira189@email.com
C0190,Isabela Pereira,Bancários,2024-04-25,Não,19,isabela.pereira190@email.com
C0191,Igor Silva,Bancários,2026-01-15,Sim,40,igor.silva191@email.com
C0192,Igor Rocha,Tambaú,2025-02-18,Não,43,igor.rocha192@email.com
C0193,Gustavo Almeida,Tambaú,2024-07-12,Não,39,gustavo.almeida193@email.com
C0194,João Ferreira,Altiplano,2024-06-09,Não,41,joao.ferreira194@email.com
C0195,Bruno Silva,Tambaú,2026-03-18,Sim,41,bruno.silva195@email.com
C0196,Rodrigo Rocha,Cabo Branco,2026-01-26,Não,20,rodrigo.rocha196@email.com
C0197,Fernanda Barbosa,Cabo Branco,2024-05-04,Sim,26,fernanda.barbosa197@email.com
C0198,Rafaela Cavalcanti,Miramar,2025-12-16,Sim,31,rafaela.cavalcanti198@email.com
C0199,Isabela Dantas,Cabo Branco,2024-05-28,Sim,37,isabela.dantas199@email.com
C0200,Felipe Pereira,Tambaú,2024-08-18,Não,28,felipe.pereira200@email.com
C0201,Yasmin Santos,Jardim Oceania,2024-08-28,Sim,34,yasmin.santos201@email.com
C0202,Patrícia Almeida,Manaíra,2026-03-30,Não,34,patricia.almeida202@email.com
C0203,Arthur Gomes,Bancários,2025-04-11,Não,40,arthur.gomes203@email.com
C0204,Vitória Santos,Cabo Branco,2024-09-01,Sim,36,vitoria.santos204@email.com
C0205,Ana Ferreira,Miramar,2025-08-15,Sim,32,ana.ferreira205@email.com
C0206,Fernanda Santos,Cabo Branco,2024-06-16,Sim,17,fernanda.santos206@email.com
C0207,Natália Gomes,Bessa,2025-08-07,Sim,38,natalia.gomes207@email.com
C0208,João Medeiros,Altiplano,2025-10-11,Não,34,joao.medeiros208@email.com
C0209,Caio Ferreira,Manaíra,2026-03-06,Não,43,caio.ferreira209@email.com
C0210,Yasmin Almeida,Bancários,2026-01-07,Sim,29,yasmin.almeida210@email.com
C0211,Arthur Costa,Torre,2025-06-09,Não,38,arthur.costa211@email.com
C0212,Caio Nóbrega,Bancários,2024-06-26,Sim,42,caio.nobrega212@email.com
C0213,André Ribeiro,Jardim Oceania,2025-06-11,Sim,44,andre.ribeiro213@email.com
C0214,Yasmin Carvalho,Tambaú,2025-08-06,Não,49,yasmin.carvalho214@email.com
C0215,Lorena Araújo,Manaíra,2024-06-08,Sim,29,lorena.araujo215@email.com
C0216,Mariana Pereira,Tambaú,2024-08-06,Não,45,mariana.pereira216@email.com
C0217,Letícia Lima,Cabo Branco,2025-09-02,Sim,21,leticia.lima217@email.com
C0218,Paulo Silva,Manaíra,2026-05-25,Sim,35,paulo.silva218@email.com
C0219,Beatriz Gomes,Altiplano,2025-07-13,Sim,49,beatriz.gomes219@email.com
C0220,Letícia Santos,Tambaú,2025-03-27,Não,31,leticia.santos220@email.com
C0221,Lucas Oliveira,Centro,2025-12-03,Não,30,lucas.oliveira221@email.com
C0222,Thiago Nóbrega,Manaíra,2025-02-22,Sim,49,thiago.nobrega222@email.com
C0223,Igor Almeida,Manaíra,2025-07-26,Não,42,igor.almeida223@email.com
C0224,Isabela Souza,Tambaú,2026-03-31,Não,28,isabela.souza224@email.com
C0225,Bruno Rocha,Manaíra,2024-06-09,Não,38,bruno.rocha225@email.com
C0226,Mateus Dantas,Centro,2025-02-09,Não,32,mateus.dantas226@email.com
C0227,Thiago Dantas,Tambaú,2026-01-15,Não,35,thiago.dantas227@email.com
C0228,Carla Medeiros,Altiplano,2025-01-11,Sim,39,carla.medeiros228@email.com
C0229,Júlia Rocha,Bancários,2025-01-02,Sim,25,julia.rocha229@email.com
C0230,Renata Pereira,Tambaú,2025-12-22,Não,30,renata.pereira230@email.com
C0231,Patrícia Souza,Bessa,2025-01-13,Sim,25,patricia.souza231@email.com
C0232,Felipe Lima,Centro,2024-07-25,Sim,33,felipe.lima232@email.com
C0233,Júlia Cavalcanti,Manaíra,2025-11-05,Não,50,julia.cavalcanti233@email.com
C0234,Yasmin Almeida,Bessa,2024-06-20,Sim,33,yasmin.almeida234@email.com
C0235,Thiago Santos,Manaíra,2025-04-09,Sim,36,thiago.santos235@email.com
C0236,Lorena Costa,Centro,2025-07-12,Não,35,lorena.costa236@email.com
C0237,Larissa Araújo,Cabo Branco,2025-11-26,Sim,26,larissa.araujo237@email.com
C0238,Sofia Rocha,Manaíra,2025-04-18,Não,47,sofia.rocha238@email.com
C0239,Sofia Nóbrega,Cabo Branco,2025-09-07,Não,41,sofia.nobrega239@email.com
C0240,Isabela Medeiros,Miramar,2024-03-20,Não,17,isabela.medeiros240@email.com
C0241,Mariana Silva,Altiplano,2026-05-09,Sim,53,mariana.silva241@email.com
C0242,Samuel Carvalho,Cabo Branco,2024-12-12,Sim,38,samuel.carvalho242@email.com
C0243,Marcos Nóbrega,Cabo Branco,2024-06-17,Não,34,marcos.nobrega243@email.com
C0244,Igor Pereira,Bessa,2024-04-21,Não,25,igor.pereira244@email.com
C0245,Renata Silva,Cabo Branco,2024-10-06,Não,33,renata.silva245@email.com
C0246,Lucas Cavalcanti,Manaíra,2025-10-16,Não,45,lucas.cavalcanti246@email.com
C0247,Igor Lima,Manaíra,2025-12-12,Não,57,igor.lima247@email.com
C0248,Larissa Silva,Tambaú,2024-06-22,Não,35,larissa.silva248@email.com
C0249,Henrique Gomes,Miramar,2025-03-01,Não,31,henrique.gomes249@email.com
C0250,Ana Nóbrega,Cabo Branco,2026-04-24,Não,38,ana.nobrega250@email.com
C0251,Eduarda Nóbrega,Jardim Oceania,2026-03-17,Não,24,eduarda.nobrega251@email.com
C0252,Thiago Costa,Altiplano,2024-07-25,Sim,45,thiago.costa252@email.com
C0253,Igor Lima,Altiplano,2024-11-21,Sim,54,igor.lima253@email.com
C0254,Samuel Lins,Manaíra,2024-11-18,Não,38,samuel.lins254@email.com
C0255,Pedro Lima,Miramar,2026-03-22,Não,36,pedro.lima255@email.com
C0256,Gabriela Cavalcanti,Jardim Oceania,2024-10-23,Não,41,gabriela.cavalcanti256@email.com
C0257,Paulo Souza,Manaíra,2024-03-13,Não,20,paulo.souza257@email.com
C0258,Eduarda Medeiros,Manaíra,2025-11-08,Sim,36,eduarda.medeiros258@email.com
C0259,Rafaela Lins,Bancários,2024-06-12,Não,21,rafaela.lins259@email.com
C0260,Thiago Souza,Manaíra,2026-04-01,Sim,20,thiago.souza260@email.com
C0261,Beatriz Carvalho,Tambaú,2024-10-14,Sim,42,beatriz.carvalho261@email.com
C0262,Paulo Souza,Cabo Branco,2025-09-16,Sim,25,paulo.souza262@email.com
C0263,Yasmin Gomes,Jardim Oceania,2024-07-14,Sim,40,yasmin.gomes263@email.com
C0264,Pedro Nóbrega,Tambaú,2026-03-23,Sim,39,pedro.nobrega264@email.com
C0265,André Dantas,Centro,2024-03-02,Sim,29,andre.dantas265@email.com
C0266,Beatriz Oliveira,Bancários,2026-03-15,Sim,45,beatriz.oliveira266@email.com
C0267,Eduarda Oliveira,Cabo Branco,2026-02-26,Não,21,eduarda.oliveira267@email.com
C0268,Paulo Araújo,Tambaú,2024-12-15,Não,34,paulo.araujo268@email.com
C0269,Rafaela Ferreira,Tambaú,2024-07-30,Não,43,rafaela.ferreira269@email.com
C0270,Larissa Cavalcanti,Bessa,2025-06-28,Não,18,larissa.cavalcanti270@email.com
C0271,Marcos Gomes,Manaíra,2024-08-09,Não,20,marcos.gomes271@email.com
C0272,Yasmin Cavalcanti,Tambaú,2026-04-12,Não,52,yasmin.cavalcanti272@email.com
C0273,Vitória Carvalho,Cabo Branco,2024-07-19,Sim,36,vitoria.carvalho273@email.com
C0274,Gustavo Cavalcanti,Tambaú,2024-07-23,Não,42,gustavo.cavalcanti274@email.com
C0275,Lucas Costa,Torre,2026-01-11,Sim,46,lucas.costa275@email.com
C0276,André Ferreira,Jardim Oceania,2024-12-11,Sim,41,andre.ferreira276@email.com
C0277,Beatriz Nóbrega,Bancários,2025-03-29,Não,45,beatriz.nobrega277@email.com
C0278,Letícia Dantas,Manaíra,2025-06-26,Não,32,leticia.dantas278@email.com
C0279,Júlia Costa,Bancários,2026-02-22,Sim,27,julia.costa279@email.com
C0280,João Ribeiro,Cabo Branco,2024-05-05,Não,53,joao.ribeiro280@email.com
C0281,Davi Lima,Miramar,2024-03-13,Não,30,davi.lima281@email.com
C0282,Marcos Almeida,Manaíra,2025-08-15,Sim,35,marcos.almeida282@email.com
C0283,Arthur Souza,Centro,2024-04-07,Sim,30,arthur.souza283@email.com
C0284,Vitória Almeida,Tambaú,2025-04-18,Sim,30,vitoria.almeida284@email.com
C0285,Camila Almeida,Miramar,2025-03-20,Não,17,camila.almeida285@email.com
C0286,João Rocha,Manaíra,2026-03-19,Não,33,joao.rocha286@email.com
C0287,Rodrigo Ferreira,Jardim Oceania,2025-03-28,Não,35,rodrigo.ferreira287@email.com
C0288,Arthur Lima,Jardim Oceania,2026-04-30,Sim,42,arthur.lima288@email.com
C0289,Yasmin Souza,Altiplano,2024-11-06,Sim,43,yasmin.souza289@email.com
C0290,Rodrigo Araújo,Tambaú,2024-12-25,Sim,28,rodrigo.araujo290@email.com
C0291,Davi Ribeiro,Tambaú,2024-04-22,Sim,42,davi.ribeiro291@email.com
C0292,Gustavo Medeiros,Manaíra,2026-03-22,Não,17,gustavo.medeiros292@email.com
C0293,Bruno Rocha,Tambaú,2025-07-03,Não,25,bruno.rocha293@email.com
C0294,Arthur Barbosa,Tambaú,2026-03-25,Não,49,arthur.barbosa294@email.com
C0295,Arthur Souza,Cabo Branco,2026-05-26,Sim,34,arthur.souza295@email.com
C0296,Paulo Rocha,Centro,2024-06-05,Sim,39,paulo.rocha296@email.com
C0297,Renata Costa,Altiplano,2026-04-10,Sim,56,renata.costa297@email.com
C0298,Marcos Nóbrega,Jardim Oceania,2026-05-20,Não,29,marcos.nobrega298@email.com
C0299,Arthur Santos,Centro,2026-05-10,Sim,45,arthur.santos299@email.com
C0300,Gustavo Pereira,Manaíra,2025-09-06,Sim,46,gustavo.pereira300@email.com
C0301,Ana Almeida,Manaíra,2025-03-17,Não,41,ana.almeida301@email.com
C0302,Yasmin Almeida,Manaíra,2026-03-19,Sim,33,yasmin.almeida302@email.com
C0303,Isabela Cavalcanti,Torre,2025-09-04,Não,32,isabela.cavalcanti303@email.com
C0304,Lorena Lins,Tambaú,2025-04-15,Sim,37,lorena.lins304@email.com
C0305,Letícia Carvalho,Miramar,2024-07-01,Não,29,leticia.carvalho305@email.com
C0306,Fernanda Cavalcanti,Bessa,2025-08-19,Sim,25,fernanda.cavalcanti306@email.com
C0307,Ana Santos,Cabo Branco,2025-02-17,Sim,26,ana.santos307@email.com
C0308,Natália Souza,Miramar,2025-08-20,Não,47,natalia.souza308@email.com
C0309,Rodrigo Cavalcanti,Tambaú,2026-05-29,Não,37,rodrigo.cavalcanti309@email.com
C0310,Bruno Costa,Altiplano,2025-11-18,Sim,33,bruno.costa310@email.com
C0311,André Gomes,Manaíra,2024-06-27,Não,27,andre.gomes311@email.com
C0312,Rodrigo Lins,Miramar,2024-11-29,Sim,19,rodrigo.lins312@email.com
C0313,Caio Oliveira,Centro,2024-05-20,Não,27,caio.oliveira313@email.com
C0314,Yasmin Costa,Jardim Oceania,2025-07-01,Não,23,yasmin.costa314@email.com
C0315,Igor Silva,Bancários,2025-05-23,Não,46,igor.silva315@email.com
C0316,Gabriela Lima,Manaíra,2025-01-06,Não,38,gabriela.lima316@email.com
C0317,Arthur Ferreira,Altiplano,2024-05-25,Sim,40,arthur.ferreira317@email.com
C0318,André Costa,Tambaú,2024-06-04,Não,35,andre.costa318@email.com
C0319,Samuel Pereira,Altiplano,2025-03-30,Sim,25,samuel.pereira319@email.com
C0320,Thiago Oliveira,Bessa,2026-03-28,Sim,24,thiago.oliveira320@email.com
C0321,Davi Barbosa,Miramar,2025-06-14,Não,37,davi.barbosa321@email.com
C0322,Renata Dantas,Manaíra,2025-05-06,Sim,45,renata.dantas322@email.com
C0323,Yasmin Lima,Manaíra,2024-03-16,Sim,31,yasmin.lima323@email.com
C0324,Gabriela Silva,Centro,2025-03-09,Não,24,gabriela.silva324@email.com
C0325,Rodrigo Barbosa,Bessa,2024-09-06,Não,26,rodrigo.barbosa325@email.com
C0326,Carla Pereira,Tambaú,2024-06-11,Sim,41,carla.pereira326@email.com
C0327,Yasmin Gomes,Centro,2024-04-19,Não,38,yasmin.gomes327@email.com
C0328,Natália Carvalho,Manaíra,2024-10-03,Não,42,natalia.carvalho328@email.com
C0329,Arthur Cavalcanti,Tambaú,2024-09-03,Não,29,arthur.cavalcanti329@email.com
C0330,Beatriz Cavalcanti,Cabo Branco,2026-04-14,Não,25,beatriz.cavalcanti330@email.com
C0331,Samuel Carvalho,Cabo Branco,2026-03-16,Sim,34,samuel.carvalho331@email.com
C0332,Rafaela Carvalho,Bessa,2025-10-03,Não,18,rafaela.carvalho332@email.com
C0333,Vitória Almeida,Bessa,2026-03-27,Não,17,vitoria.almeida333@email.com
C0334,Carla Carvalho,Bessa,2026-01-13,Não,35,carla.carvalho334@email.com
C0335,Isabela Silva,Jardim Oceania,2024-12-19,Não,29,isabela.silva335@email.com
C0336,Fernanda Nóbrega,Bessa,2025-10-05,Sim,17,fernanda.nobrega336@email.com
C0337,Rafaela Ribeiro,Tambaú,2025-07-05,Sim,38,rafaela.ribeiro337@email.com
C0338,Mariana Nóbrega,Tambaú,2025-05-21,Não,26,mariana.nobrega338@email.com
C0339,Rodrigo Gomes,Cabo Branco,2025-07-15,Sim,20,rodrigo.gomes339@email.com
C0340,Gustavo Araújo,Cabo Branco,2024-08-08,Não,32,gustavo.araujo340@email.com
C0341,Mateus Dantas,Centro,2025-07-12,Não,22,mateus.dantas341@email.com
C0342,Diego Barbosa,Tambaú,2025-11-04,Não,27,diego.barbosa342@email.com
C0343,Eduarda Gomes,Manaíra,2025-05-31,Sim,49,eduarda.gomes343@email.com
C0344,Igor Araújo,Cabo Branco,2025-10-31,Sim,27,igor.araujo344@email.com
C0345,Fernanda Lins,Bessa,2025-02-23,Sim,31,fernanda.lins345@email.com
C0346,Felipe Gomes,Altiplano,2024-10-15,Não,36,felipe.gomes346@email.com
C0347,Renata Lins,Bessa,2026-01-08,Não,19,renata.lins347@email.com
C0348,Vitória Carvalho,Cabo Branco,2025-10-11,Não,43,vitoria.carvalho348@email.com
C0349,Vitória Cavalcanti,Tambaú,2024-09-19,Sim,20,vitoria.cavalcanti349@email.com
C0350,Caio Pereira,Altiplano,2025-07-15,Não,20,caio.pereira350@email.com
C0351,Eduarda Rocha,Altiplano,2026-01-23,Sim,30,eduarda.rocha351@email.com
C0352,Lucas Almeida,Torre,2026-03-24,Não,32,lucas.almeida352@email.com
C0353,Renata Gomes,Centro,2026-04-13,Não,28,renata.gomes353@email.com
C0354,Júlia Souza,Manaíra,2025-11-08,Sim,29,julia.souza354@email.com
C0355,Samuel Costa,Manaíra,2025-08-18,Sim,27,samuel.costa355@email.com
C0356,Bruno Ribeiro,Torre,2025-05-04,Sim,33,bruno.ribeiro356@email.com
C0357,Pedro Costa,Tambaú,2026-01-23,Não,37,pedro.costa357@email.com
C0358,Marcos Gomes,Tambaú,2025-03-09,Não,25,marcos.gomes358@email.com
C0359,Renata Lima,Manaíra,2024-07-20,Sim,33,renata.lima359@email.com
C0360,Patrícia Costa,Bancários,2025-05-26,Não,33,patricia.costa360@email.com
C0361,Rodrigo Carvalho,Tambaú,2025-07-01,Sim,27,rodrigo.carvalho361@email.com
C0362,Isabela Rocha,Centro,2024-12-10,Não,37,isabela.rocha362@email.com
C0363,Vitória Nóbrega,Manaíra,2024-11-12,Não,20,vitoria.nobrega363@email.com
C0364,Gustavo Rocha,Jardim Oceania,2025-02-27,Não,32,gustavo.rocha364@email.com
C0365,Elaine Rocha,Manaíra,2024-08-06,Não,22,elaine.rocha365@email.com
C0366,Mariana Lima,Miramar,2024-12-12,Não,28,mariana.lima366@email.com
C0367,Samuel Rocha,Miramar,2024-12-02,Sim,24,samuel.rocha367@email.com
C0368,João Lima,Miramar,2025-10-13,Não,31,joao.lima368@email.com
C0369,Isabela Dantas,Manaíra,2024-12-04,Não,34,isabela.dantas369@email.com
C0370,Diego Santos,Centro,2024-10-26,Não,20,diego.santos370@email.com
C0371,Rodrigo Araújo,Bessa,2025-04-25,Sim,47,rodrigo.araujo371@email.com
C0372,Lucas Lima,Manaíra,2024-08-20,Sim,50,lucas.lima372@email.com
C0373,Rodrigo Rocha,Bancários,2024-03-03,Não,40,rodrigo.rocha373@email.com
C0374,Beatriz Lima,Cabo Branco,2024-10-26,Sim,22,beatriz.lima374@email.com
C0375,André Pereira,Torre,2025-03-02,Sim,17,andre.pereira375@email.com
C0376,Lucas Santos,Tambaú,2024-05-25,Sim,30,lucas.santos376@email.com
C0377,Lucas Lima,Manaíra,2025-10-11,Sim,61,lucas.lima377@email.com
C0378,Letícia Lins,Tambaú,2025-01-06,Não,42,leticia.lins378@email.com
C0379,Paulo Rocha,Cabo Branco,2025-01-18,Sim,49,paulo.rocha379@email.com
C0380,Bruno Araújo,Bancários,2025-05-23,Sim,36,bruno.araujo380@email.com
C0381,Natália Gomes,Centro,2025-01-27,Sim,45,natalia.gomes381@email.com
C0382,Caio Rocha,Bancários,2024-05-15,Sim,45,caio.rocha382@email.com
C0383,Felipe Ribeiro,Bessa,2026-01-28,Sim,17,felipe.ribeiro383@email.com
C0384,Letícia Lima,Cabo Branco,2025-01-23,Sim,21,leticia.lima384@email.com
C0385,Vitória Lima,Manaíra,2024-09-16,Não,19,vitoria.lima385@email.com
C0386,Patrícia Santos,Altiplano,2026-05-27,Sim,44,patricia.santos386@email.com
C0387,Fernanda Silva,Torre,2026-02-21,Sim,38,fernanda.silva387@email.com
C0388,Diego Souza,Tambaú,2026-02-16,Não,17,diego.souza388@email.com
C0389,Beatriz Dantas,Miramar,2024-06-29,Não,39,beatriz.dantas389@email.com
C0390,Rafaela Cavalcanti,Altiplano,2026-03-01,Não,21,rafaela.cavalcanti390@email.com
C0391,Bruno Pereira,Bancários,2025-11-08,Não,41,bruno.pereira391@email.com
C0392,Patrícia Costa,Tambaú,2024-09-04,Sim,31,patricia.costa392@email.com
C0393,Felipe Barbosa,Altiplano,2024-11-13,Não,48,felipe.barbosa393@email.com
C0394,Marcos Costa,Altiplano,2026-01-06,Sim,27,marcos.costa394@email.com
C0395,Larissa Ferreira,Cabo Branco,2025-06-15,Sim,38,larissa.ferreira395@email.com
C0396,Natália Carvalho,Bessa,2024-03-11,Sim,39,natalia.carvalho396@email.com
C0397,Mateus Nóbrega,Manaíra,2024-04-26,Não,47,mateus.nobrega397@email.com
C0398,Larissa Rocha,Torre,2026-02-05,Não,23,larissa.rocha398@email.com
C0399,Marcos Barbosa,Torre,2025-01-08,Não,18,marcos.barbosa399@email.com
C0400,André Nóbrega,Manaíra,2026-03-30,Sim,28,andre.nobrega400@email.com
C0401,Mateus Araújo,Manaíra,2024-08-29,Sim,19,mateus.araujo401@email.com
C0402,Camila Rocha,Bessa,2025-10-10,Não,33,camila.rocha402@email.com
C0403,Samuel Carvalho,Cabo Branco,2026-03-03,Sim,27,samuel.carvalho403@email.com
C0404,Felipe Costa,Tambaú,2024-08-26,Sim,30,felipe.costa404@email.com
C0405,Mariana Souza,Altiplano,2024-10-09,Sim,24,mariana.souza405@email.com
C0406,Felipe Nóbrega,Bessa,2026-03-25,Não,34,felipe.nobrega406@email.com
C0407,Elaine Pereira,Torre,2024-12-09,Sim,30,elaine.pereira407@email.com
C0408,Henrique Pereira,Manaíra,2026-01-17,Não,41,henrique.pereira408@email.com
C0409,Mateus Barbosa,Altiplano,2026-02-20,Não,38,mateus.barbosa409@email.com
C0410,Mariana Barbosa,Torre,2026-05-21,Não,23,mariana.barbosa410@email.com
C0411,Bruno Rocha,Manaíra,2025-10-05,Não,41,bruno.rocha411@email.com
C0412,João Almeida,Altiplano,2025-12-16,Não,35,joao.almeida412@email.com
C0413,Sofia Nóbrega,Cabo Branco,2025-03-28,Sim,27,sofia.nobrega413@email.com
C0414,Gustavo Silva,Altiplano,2025-08-06,Não,27,gustavo.silva414@email.com
C0415,Fernanda Gomes,Cabo Branco,2025-08-08,Não,17,fernanda.gomes415@email.com
C0416,André Almeida,Altiplano,2025-04-14,Sim,36,andre.almeida416@email.com
C0417,Beatriz Carvalho,Altiplano,2026-05-10,Sim,39,beatriz.carvalho417@email.com
C0418,Isabela Souza,Jardim Oceania,2024-08-29,Não,38,isabela.souza418@email.com
C0419,João Rocha,Manaíra,2024-04-01,Não,26,joao.rocha419@email.com
C0420,Natália Nóbrega,Tambaú,2024-04-17,Sim,22,natalia.nobrega420@email.com
C0421,André Medeiros,Manaíra,2024-03-22,Sim,38,andre.medeiros421@email.com
C0422,Samuel Dantas,Manaíra,2024-06-21,Não,36,samuel.dantas422@email.com
C0423,Diego Rocha,Altiplano,2026-04-05,Sim,29,diego.rocha423@email.com
C0424,Vitória Almeida,Bancários,2025-09-21,Não,35,vitoria.almeida424@email.com
C0425,Felipe Ribeiro,Miramar,2026-04-06,Sim,28,felipe.ribeiro425@email.com
C0426,André Nóbrega,Bancários,2025-06-28,Não,19,andre.nobrega426@email.com
C0427,Igor Gomes,Manaíra,2024-09-05,Não,42,igor.gomes427@email.com
C0428,Renata Souza,Altiplano,2025-03-17,Sim,37,renata.souza428@email.com
C0429,Rodrigo Araújo,Bessa,2026-01-21,Não,22,rodrigo.araujo429@email.com
C0430,Carla Oliveira,Altiplano,2025-11-17,Sim,22,carla.oliveira430@email.com
C0431,Lorena Santos,Centro,2025-05-12,Não,26,lorena.santos431@email.com
C0432,Eduarda Gomes,Bessa,2025-12-29,Não,31,eduarda.gomes432@email.com
C0433,Camila Dantas,Bessa,2024-04-20,Sim,40,camila.dantas433@email.com
C0434,Gabriela Medeiros,Manaíra,2024-11-11,Não,27,gabriela.medeiros434@email.com
C0435,Davi Ribeiro,Cabo Branco,2024-07-26,Não,30,davi.ribeiro435@email.com
C0436,Elaine Carvalho,Bessa,2024-09-18,Sim,42,elaine.carvalho436@email.com
C0437,Igor Silva,Miramar,2024-12-13,Sim,18,igor.silva437@email.com
C0438,João Cavalcanti,Altiplano,2025-03-02,Não,39,joao.cavalcanti438@email.com
C0439,Isabela Silva,Altiplano,2025-07-22,Não,31,isabela.silva439@email.com
C0440,Gabriela Medeiros,Miramar,2025-05-14,Não,20,gabriela.medeiros440@email.com
C0441,Felipe Pereira,Cabo Branco,2026-03-18,Não,27,felipe.pereira441@email.com
C0442,Igor Almeida,Cabo Branco,2024-04-27,Sim,32,igor.almeida442@email.com
C0443,Bruno Santos,Tambaú,2025-02-28,Não,51,bruno.santos443@email.com
C0444,Eduarda Lins,Jardim Oceania,2025-06-08,Não,21,eduarda.lins444@email.com
C0445,Renata Souza,Tambaú,2025-09-29,Não,40,renata.souza445@email.com
C0446,Arthur Lima,Manaíra,2026-01-10,Não,34,arthur.lima446@email.com
C0447,Thiago Carvalho,Altiplano,2025-10-16,Não,52,thiago.carvalho447@email.com
C0448,Pedro Cavalcanti,Manaíra,2024-08-26,Sim,19,pedro.cavalcanti448@email.com
C0449,André Ferreira,Jardim Oceania,2024-06-30,Não,17,andre.ferreira449@email.com
C0450,Gustavo Ferreira,Tambaú,2026-03-26,Sim,17,gustavo.ferreira450@email.com
C0451,Patrícia Cavalcanti,Bancários,2024-03-16,Sim,50,patricia.cavalcanti451@email.com
C0452,Letícia Santos,Tambaú,2026-04-21,Não,30,leticia.santos452@email.com
C0453,Paulo Ferreira,Bancários,2024-12-24,Não,51,paulo.ferreira453@email.com
C0454,Samuel Pereira,Tambaú,2026-05-03,Sim,29,samuel.pereira454@email.com
C0455,Camila Costa,Manaíra,2024-09-21,Não,58,camila.costa455@email.com
C0456,Henrique Dantas,Miramar,2024-06-03,Não,37,henrique.dantas456@email.com
C0457,Fernanda Dantas,Torre,2024-04-25,Sim,30,fernanda.dantas457@email.com
C0458,Júlia Carvalho,Tambaú,2024-12-20,Não,31,julia.carvalho458@email.com
C0459,Renata Silva,Manaíra,2024-08-23,Não,42,renata.silva459@email.com
C0460,Paulo Costa,Tambaú,2026-04-30,Sim,32,paulo.costa460@email.com
C0461,Júlia Santos,Manaíra,2025-02-11,Não,48,julia.santos461@email.com
C0462,Renata Ribeiro,Manaíra,2025-12-05,Sim,44,renata.ribeiro462@email.com
C0463,Isabela Araújo,Centro,2024-06-05,Não,33,isabela.araujo463@email.com
C0464,Pedro Gomes,Tambaú,2024-03-18,Não,42,pedro.gomes464@email.com
C0465,Vitória Almeida,Cabo Branco,2024-12-18,Sim,26,vitoria.almeida465@email.com
C0466,Marcos Dantas,Miramar,2025-11-25,Sim,32,marcos.dantas466@email.com
C0467,Bruno Nóbrega,Cabo Branco,2025-07-24,Não,22,bruno.nobrega467@email.com
C0468,Samuel Gomes,Bancários,2025-06-22,Não,25,samuel.gomes468@email.com
C0469,Larissa Gomes,Manaíra,2025-11-02,Sim,20,larissa.gomes469@email.com
C0470,Henrique Dantas,Bessa,2025-08-15,Não,33,henrique.dantas470@email.com
C0471,Caio Costa,Bancários,2025-04-03,Sim,34,caio.costa471@email.com
C0472,Lorena Oliveira,Altiplano,2024-06-18,Sim,27,lorena.oliveira472@email.com
C0473,Yasmin Pereira,Tambaú,2024-10-01,Não,17,yasmin.pereira473@email.com
C0474,André Medeiros,Miramar,2024-10-04,Sim,28,andre.medeiros474@email.com
C0475,Henrique Souza,Centro,2026-05-05,Não,43,henrique.souza475@email.com
C0476,Letícia Medeiros,Bessa,2026-03-16,Não,31,leticia.medeiros476@email.com
C0477,Ana Ferreira,Altiplano,2024-10-15,Não,44,ana.ferreira477@email.com
C0478,Mariana Santos,Centro,2025-08-07,Sim,45,mariana.santos478@email.com
C0479,Rafaela Pereira,Manaíra,2024-11-14,Sim,46,rafaela.pereira479@email.com
C0480,Renata Almeida,Bessa,2025-12-05,Não,40,renata.almeida480@email.com
C0481,Caio Oliveira,Torre,2025-02-11,Não,34,caio.oliveira481@email.com
C0482,Rafaela Pereira,Tambaú,2024-05-22,Não,51,rafaela.pereira482@email.com
C0483,Carla Costa,Miramar,2025-03-27,Não,41,carla.costa483@email.com
C0484,Yasmin Souza,Miramar,2025-10-14,Sim,17,yasmin.souza484@email.com
C0485,Camila Rocha,Cabo Branco,2024-08-17,Não,29,camila.rocha485@email.com
C0486,Carla Nóbrega,Manaíra,2026-04-20,Não,40,carla.nobrega486@email.com
C0487,André Gomes,Bancários,2025-10-07,Não,21,andre.gomes487@email.com
C0488,Carla Costa,Altiplano,2026-02-14,Não,28,carla.costa488@email.com
C0489,Fernanda Santos,Miramar,2024-11-12,Sim,35,fernanda.santos489@email.com
C0490,Sofia Oliveira,Manaíra,2025-02-25,Sim,19,sofia.oliveira490@email.com
C0491,Larissa Oliveira,Bessa,2024-04-26,Não,28,larissa.oliveira491@email.com
C0492,Rodrigo Costa,Altiplano,2024-09-17,Não,29,rodrigo.costa492@email.com
C0493,Ana Araújo,Tambaú,2025-10-17,Não,35,ana.araujo493@email.com
C0494,Elaine Santos,Centro,2026-05-02,Não,23,elaine.santos494@email.com
C0495,Fernanda Almeida,Bessa,2025-08-13,Não,48,fernanda.almeida495@email.com
C0496,Eduarda Rocha,Bessa,2025-08-22,Sim,33,eduarda.rocha496@email.com
C0497,Larissa Rocha,Altiplano,2024-03-30,Sim,33,larissa.rocha497@email.com
C0498,Renata Dantas,Altiplano,2025-04-12,Não,28,renata.dantas498@email.com
C0499,Igor Ferreira,Altiplano,2025-03-15,Não,30,igor.ferreira499@email.com
C0500,Paulo Santos,Manaíra,2024-06-02,Não,42,paulo.santos500@email.com
C0501,Igor Nóbrega,Manaíra,2024-03-30,Sim,38,igor.nobrega501@email.com
C0502,Natália Rocha,Bancários,2024-04-26,Sim,36,natalia.rocha502@email.com
C0503,Gustavo Ribeiro,Altiplano,2025-09-11,Sim,25,gustavo.ribeiro503@email.com
C0504,Felipe Ferreira,Bancários,2024-08-02,Sim,36,felipe.ferreira504@email.com
C0505,Carla Silva,Tambaú,2024-07-29,Sim,55,carla.silva505@email.com
C0506,Letícia Medeiros,Bessa,2025-07-30,Não,33,leticia.medeiros506@email.com
C0507,Yasmin Oliveira,Centro,2024-11-29,Não,29,yasmin.oliveira507@email.com
C0508,Camila Lins,Tambaú,2025-02-07,Não,21,camila.lins508@email.com
C0509,Lucas Pereira,Bessa,2024-04-23,Sim,44,lucas.pereira509@email.com
C0510,Pedro Pereira,Centro,2025-03-04,Não,34,pedro.pereira510@email.com
C0511,Yasmin Costa,Miramar,2026-03-12,Não,34,yasmin.costa511@email.com
C0512,Patrícia Cavalcanti,Torre,2026-05-29,Sim,28,patricia.cavalcanti512@email.com
C0513,Gustavo Almeida,Jardim Oceania,2024-09-30,Não,26,gustavo.almeida513@email.com
C0514,Larissa Ribeiro,Manaíra,2024-05-24,Sim,36,larissa.ribeiro514@email.com
C0515,Felipe Silva,Manaíra,2025-03-24,Sim,29,felipe.silva515@email.com
C0516,Beatriz Oliveira,Jardim Oceania,2024-09-17,Não,41,beatriz.oliveira516@email.com
C0517,Isabela Dantas,Manaíra,2024-10-05,Sim,34,isabela.dantas517@email.com
C0518,Renata Ferreira,Cabo Branco,2024-04-07,Sim,40,renata.ferreira518@email.com
C0519,Fernanda Lima,Bancários,2025-05-29,Não,42,fernanda.lima519@email.com
C0520,Vitória Pereira,Tambaú,2025-03-04,Sim,19,vitoria.pereira520@email.com
C0521,Paulo Rocha,Altiplano,2024-10-28,Não,37,paulo.rocha521@email.com
C0522,Henrique Lima,Manaíra,2025-08-25,Não,27,henrique.lima522@email.com
C0523,Ana Medeiros,Manaíra,2025-12-29,Não,36,ana.medeiros523@email.com
C0524,Felipe Carvalho,Tambaú,2026-01-15,Não,40,felipe.carvalho524@email.com
C0525,Letícia Dantas,Manaíra,2025-11-16,Sim,38,leticia.dantas525@email.com
C0526,Arthur Gomes,Manaíra,2026-04-23,Não,27,arthur.gomes526@email.com
C0527,Beatriz Oliveira,Cabo Branco,2025-11-10,Sim,44,beatriz.oliveira527@email.com
C0528,Lorena Silva,Torre,2025-08-21,Sim,34,lorena.silva528@email.com
C0529,Rafaela Ferreira,Cabo Branco,2024-04-06,Não,45,rafaela.ferreira529@email.com
C0530,Henrique Medeiros,Manaíra,2025-07-27,Não,41,henrique.medeiros530@email.com
C0531,Pedro Araújo,Miramar,2024-06-15,Sim,50,pedro.araujo531@email.com
C0532,Samuel Dantas,Jardim Oceania,2026-03-18,Sim,24,samuel.dantas532@email.com
C0533,Davi Pereira,Miramar,2024-08-15,Não,41,davi.pereira533@email.com
C0534,Thiago Rocha,Cabo Branco,2025-06-13,Não,17,thiago.rocha534@email.com
C0535,Ana Silva,Cabo Branco,2025-09-19,Sim,21,ana.silva535@email.com
C0536,Arthur Pereira,Bancários,2026-03-15,Não,28,arthur.pereira536@email.com
C0537,André Dantas,Centro,2025-08-07,Sim,35,andre.dantas537@email.com
C0538,Gabriela Ferreira,Centro,2024-12-29,Sim,41,gabriela.ferreira538@email.com
C0539,Fernanda Pereira,Bancários,2025-05-08,Sim,34,fernanda.pereira539@email.com
C0540,Samuel Gomes,Altiplano,2025-10-04,Não,37,samuel.gomes540@email.com
C0541,Fernanda Souza,Manaíra,2026-05-07,Sim,28,fernanda.souza541@email.com
C0542,Eduarda Lima,Bancários,2024-10-28,Não,49,eduarda.lima542@email.com
C0543,Ana Lins,Miramar,2026-02-12,Não,27,ana.lins543@email.com
C0544,Renata Araújo,Tambaú,2026-01-19,Sim,24,renata.araujo544@email.com
C0545,João Barbosa,Bessa,2025-09-07,Não,32,joao.barbosa545@email.com
C0546,Rafaela Silva,Centro,2024-08-25,Não,39,rafaela.silva546@email.com
C0547,Camila Lins,Jardim Oceania,2026-02-25,Não,24,camila.lins547@email.com
C0548,Sofia Lima,Manaíra,2025-10-20,Sim,40,sofia.lima548@email.com
C0549,Júlia Silva,Altiplano,2025-10-16,Não,17,julia.silva549@email.com
C0550,Camila Dantas,Bancários,2024-06-08,Não,27,camila.dantas550@email.com
C0551,Henrique Souza,Manaíra,2025-08-12,Não,25,henrique.souza551@email.com
C0552,Natália Cavalcanti,Altiplano,2025-12-29,Sim,28,natalia.cavalcanti552@email.com
C0553,Camila Oliveira,Tambaú,2025-02-19,Sim,49,camila.oliveira553@email.com
C0554,Júlia Almeida,Tambaú,2025-06-24,Não,34,julia.almeida554@email.com
C0555,Camila Ribeiro,Manaíra,2024-08-16,Não,25,camila.ribeiro555@email.com
C0556,Thiago Almeida,Cabo Branco,2024-03-07,Sim,43,thiago.almeida556@email.com
C0557,Camila Lins,Bancários,2024-12-03,Não,54,camila.lins557@email.com
C0558,Letícia Carvalho,Bessa,2026-01-08,Sim,25,leticia.carvalho558@email.com
C0559,Sofia Cavalcanti,Cabo Branco,2025-01-15,Não,40,sofia.cavalcanti559@email.com
C0560,Larissa Souza,Bessa,2025-06-27,Sim,52,larissa.souza560@email.com
C0561,Elaine Rocha,Bessa,2025-06-16,Não,21,elaine.rocha561@email.com
C0562,Bruno Costa,Miramar,2024-06-10,Sim,32,bruno.costa562@email.com
C0563,Mateus Araújo,Bancários,2026-05-17,Não,32,mateus.araujo563@email.com
C0564,Gustavo Ferreira,Bancários,2024-03-17,Não,33,gustavo.ferreira564@email.com
C0565,Vitória Pereira,Tambaú,2024-07-10,Não,43,vitoria.pereira565@email.com
C0566,Gabriela Ferreira,Manaíra,2025-10-14,Não,34,gabriela.ferreira566@email.com
C0567,Júlia Lima,Bessa,2026-04-22,Não,44,julia.lima567@email.com
C0568,Samuel Cavalcanti,Miramar,2024-06-01,Sim,37,samuel.cavalcanti568@email.com
C0569,Igor Medeiros,Cabo Branco,2024-12-10,Sim,17,igor.medeiros569@email.com
C0570,Mateus Lins,Tambaú,2026-02-28,Não,28,mateus.lins570@email.com
C0571,Yasmin Araújo,Torre,2026-01-07,Não,27,yasmin.araujo571@email.com
C0572,Igor Rocha,Jardim Oceania,2024-09-29,Não,46,igor.rocha572@email.com
C0573,Júlia Almeida,Cabo Branco,2025-10-09,Não,32,julia.almeida573@email.com
C0574,Beatriz Ribeiro,Miramar,2025-10-30,Não,34,beatriz.ribeiro574@email.com
C0575,Pedro Pereira,Tambaú,2025-12-30,Sim,17,pedro.pereira575@email.com
C0576,Patrícia Araújo,Bancários,2025-05-22,Não,39,patricia.araujo576@email.com
C0577,Carla Lins,Cabo Branco,2025-02-15,Sim,39,carla.lins577@email.com
C0578,Mariana Araújo,Torre,2025-03-26,Não,37,mariana.araujo578@email.com
C0579,Larissa Barbosa,Tambaú,2026-05-09,Sim,36,larissa.barbosa579@email.com
C0580,Lorena Lima,Jardim Oceania,2024-12-21,Não,35,lorena.lima580@email.com
C0581,Camila Medeiros,Jardim Oceania,2025-02-05,Não,37,camila.medeiros581@email.com
C0582,Paulo Santos,Jardim Oceania,2025-10-01,Não,26,paulo.santos582@email.com
C0583,Elaine Araújo,Cabo Branco,2026-05-09,Não,17,elaine.araujo583@email.com
C0584,Carla Lins,Manaíra,2025-04-13,Não,37,carla.lins584@email.com
C0585,Patrícia Cavalcanti,Cabo Branco,2025-07-03,Não,34,patricia.cavalcanti585@email.com
C0586,Yasmin Araújo,Centro,2024-12-13,Não,37,yasmin.araujo586@email.com
C0587,Letícia Ferreira,Centro,2026-04-09,Não,25,leticia.ferreira587@email.com
C0588,Igor Gomes,Jardim Oceania,2025-02-25,Não,35,igor.gomes588@email.com
C0589,Sofia Lins,Altiplano,2024-07-28,Sim,47,sofia.lins589@email.com
C0590,Patrícia Nóbrega,Miramar,2025-03-11,Não,21,patricia.nobrega590@email.com
C0591,Beatriz Medeiros,Centro,2026-02-17,Sim,32,beatriz.medeiros591@email.com
C0592,Renata Ferreira,Tambaú,2025-05-18,Não,25,renata.ferreira592@email.com
C0593,Ana Barbosa,Manaíra,2024-08-26,Sim,33,ana.barbosa593@email.com
C0594,Renata Barbosa,Cabo Branco,2024-05-11,Sim,23,renata.barbosa594@email.com
C0595,Júlia Lins,Bessa,2025-01-27,Não,26,julia.lins595@email.com
C0596,Caio Ferreira,Centro,2025-02-15,Não,32,caio.ferreira596@email.com
C0597,Yasmin Dantas,Torre,2025-03-18,Sim,17,yasmin.dantas597@email.com
C0598,Júlia Nóbrega,Torre,2024-05-24,Não,31,julia.nobrega598@email.com
C0599,Bruno Souza,Bessa,2024-06-22,Sim,32,bruno.souza599@email.com
C0600,Pedro Costa,Manaíra,2024-05-30,Não,40,pedro.costa600@email.com
C0601,Lucas Carvalho,Tambaú,2026-05-20,Sim,34,lucas.carvalho601@email.com
C0602,Elaine Medeiros,Bancários,2026-03-07,Não,42,elaine.medeiros602@email.com
C0603,Fernanda Pereira,Tambaú,2024-03-30,Não,17,fernanda.pereira603@email.com
C0604,Marcos Gomes,Tambaú,2024-03-18,Não,41,marcos.gomes604@email.com
C0605,Mariana Nóbrega,Manaíra,2026-02-17,Não,37,mariana.nobrega605@email.com
C0606,Bruno Rocha,Bancários,2024-05-09,Sim,29,bruno.rocha606@email.com
C0607,Felipe Souza,Tambaú,2026-04-15,Não,34,felipe.souza607@email.com
C0608,Henrique Costa,Manaíra,2024-07-22,Sim,35,henrique.costa608@email.com
C0609,Gustavo Souza,Centro,2024-08-16,Sim,35,gustavo.souza609@email.com
C0610,André Lins,Bancários,2024-07-18,Sim,29,andre.lins610@email.com
C0611,Beatriz Gomes,Manaíra,2025-12-22,Não,42,beatriz.gomes611@email.com
C0612,Gabriela Barbosa,Torre,2024-12-08,Sim,42,gabriela.barbosa612@email.com
C0613,Pedro Cavalcanti,Centro,2026-01-25,Sim,44,pedro.cavalcanti613@email.com
C0614,Thiago Silva,Manaíra,2025-01-21,Sim,33,thiago.silva614@email.com
C0615,Gabriela Oliveira,Manaíra,2025-01-15,Não,29,gabriela.oliveira615@email.com
C0616,Arthur Lima,Centro,2026-05-29,Sim,32,arthur.lima616@email.com
C0617,André Barbosa,Miramar,2025-12-02,Não,26,andre.barbosa617@email.com
C0618,Gabriela Souza,Bancários,2025-10-07,Sim,37,gabriela.souza618@email.com
C0619,Mariana Rocha,Bancários,2024-06-28,Não,17,mariana.rocha619@email.com
C0620,Paulo Cavalcanti,Tambaú,2025-02-24,Não,39,paulo.cavalcanti620@email.com
C0621,Samuel Pereira,Altiplano,2025-01-05,Sim,21,samuel.pereira621@email.com
C0622,Henrique Oliveira,Bessa,2025-09-30,Sim,35,henrique.oliveira622@email.com
C0623,Beatriz Ferreira,Manaíra,2025-03-20,Não,27,beatriz.ferreira623@email.com
C0624,João Ribeiro,Tambaú,2024-05-22,Sim,52,joao.ribeiro624@email.com
C0625,André Souza,Bessa,2024-10-11,Não,27,andre.souza625@email.com
C0626,Yasmin Barbosa,Manaíra,2025-11-26,Sim,42,yasmin.barbosa626@email.com
C0627,Isabela Oliveira,Bancários,2025-04-07,Não,50,isabela.oliveira627@email.com
C0628,Bruno Ribeiro,Jardim Oceania,2025-03-04,Não,26,bruno.ribeiro628@email.com
C0629,Marcos Oliveira,Bessa,2024-11-15,Sim,43,marcos.oliveira629@email.com
C0630,Camila Carvalho,Centro,2024-06-22,Sim,46,camila.carvalho630@email.com
C0631,Diego Ribeiro,Bancários,2025-05-27,Sim,24,diego.ribeiro631@email.com
C0632,Fernanda Nóbrega,Torre,2024-12-10,Sim,50,fernanda.nobrega632@email.com
C0633,Gabriela Santos,Miramar,2026-05-25,Não,26,gabriela.santos633@email.com
C0634,Letícia Pereira,Centro,2025-06-26,Não,31,leticia.pereira634@email.com
C0635,Marcos Oliveira,Altiplano,2026-02-15,Não,24,marcos.oliveira635@email.com
C0636,Rafaela Rocha,Manaíra,2026-03-21,Não,46,rafaela.rocha636@email.com
C0637,Renata Ferreira,Tambaú,2025-10-23,Não,31,renata.ferreira637@email.com
C0638,Marcos Souza,Bessa,2025-07-04,Não,43,marcos.souza638@email.com
C0639,Beatriz Pereira,Bancários,2025-01-14,Sim,38,beatriz.pereira639@email.com
C0640,Ana Lima,Tambaú,2025-10-27,Não,30,ana.lima640@email.com
C0641,Samuel Lins,Jardim Oceania,2026-03-22,Não,29,samuel.lins641@email.com
C0642,Thiago Almeida,Manaíra,2024-08-30,Não,29,thiago.almeida642@email.com
C0643,Marcos Souza,Manaíra,2024-05-07,Sim,26,marcos.souza643@email.com
C0644,Natália Nóbrega,Tambaú,2025-04-29,Sim,34,natalia.nobrega644@email.com
C0645,Eduarda Barbosa,Bancários,2024-07-03,Não,41,eduarda.barbosa645@email.com
C0646,Felipe Dantas,Manaíra,2025-09-19,Não,31,felipe.dantas646@email.com
C0647,Elaine Almeida,Manaíra,2025-03-28,Sim,38,elaine.almeida647@email.com
C0648,Vitória Barbosa,Cabo Branco,2025-01-06,Sim,46,vitoria.barbosa648@email.com
C0649,Elaine Dantas,Tambaú,2026-05-21,Sim,39,elaine.dantas649@email.com
C0650,Thiago Ferreira,Altiplano,2024-11-24,Não,31,thiago.ferreira650@email.com
C0651,Samuel Gomes,Manaíra,2026-02-11,Sim,47,samuel.gomes651@email.com
C0652,Lucas Gomes,Jardim Oceania,2025-06-13,Não,17,lucas.gomes652@email.com
C0653,Letícia Almeida,Bessa,2025-11-05,Sim,25,leticia.almeida653@email.com
C0654,Carla Rocha,Cabo Branco,2024-09-30,Não,47,carla.rocha654@email.com
C0655,Elaine Almeida,Altiplano,2025-01-20,Não,38,elaine.almeida655@email.com
C0656,Renata Ribeiro,Tambaú,2026-04-03,Não,35,renata.ribeiro656@email.com
C0657,Sofia Barbosa,Bancários,2025-09-17,Não,20,sofia.barbosa657@email.com
C0658,Rafaela Costa,Bessa,2026-02-24,Sim,28,rafaela.costa658@email.com
C0659,Lorena Ribeiro,Tambaú,2024-10-03,Sim,28,lorena.ribeiro659@email.com
C0660,Larissa Nóbrega,Cabo Branco,2025-01-12,Sim,37,larissa.nobrega660@email.com
C0661,Renata Araújo,Cabo Branco,2026-03-11,Não,42,renata.araujo661@email.com
C0662,Rafaela Araújo,Bessa,2025-09-04,Não,51,rafaela.araujo662@email.com
C0663,Henrique Lins,Tambaú,2026-01-16,Não,25,henrique.lins663@email.com
C0664,Pedro Silva,Tambaú,2025-08-24,Não,44,pedro.silva664@email.com
C0665,Mariana Lins,Manaíra,2025-05-15,Não,35,mariana.lins665@email.com
C0666,Samuel Cavalcanti,Jardim Oceania,2025-12-23,Não,49,samuel.cavalcanti666@email.com
C0667,Vitória Souza,Tambaú,2025-01-20,Sim,39,vitoria.souza667@email.com
C0668,Arthur Medeiros,Bancários,2024-03-12,Sim,39,arthur.medeiros668@email.com
C0669,Marcos Lins,Centro,2024-09-16,Sim,49,marcos.lins669@email.com
C0670,André Lins,Altiplano,2025-12-25,Não,34,andre.lins670@email.com
C0671,Júlia Souza,Jardim Oceania,2025-05-19,Não,31,julia.souza671@email.com
C0672,Caio Barbosa,Manaíra,2025-10-18,Não,33,caio.barbosa672@email.com
C0673,Camila Dantas,Miramar,2025-02-03,Sim,33,camila.dantas673@email.com
C0674,Vitória Dantas,Tambaú,2026-02-14,Não,34,vitoria.dantas674@email.com
C0675,Júlia Nóbrega,Manaíra,2025-03-09,Sim,17,julia.nobrega675@email.com
C0676,Ana Nóbrega,Bessa,2024-04-19,Não,26,ana.nobrega676@email.com
C0677,Júlia Nóbrega,Torre,2026-05-16,Não,30,julia.nobrega677@email.com
C0678,Rafaela Carvalho,Manaíra,2024-11-15,Não,28,rafaela.carvalho678@email.com
C0679,Ana Nóbrega,Manaíra,2026-04-25,Não,46,ana.nobrega679@email.com
C0680,Letícia Ribeiro,Bessa,2025-05-23,Sim,31,leticia.ribeiro680@email.com
C0681,Carla Lins,Centro,2025-05-24,Não,24,carla.lins681@email.com
C0682,Bruno Araújo,Bessa,2025-09-07,Sim,38,bruno.araujo682@email.com
C0683,Igor Rocha,Centro,2025-06-10,Não,40,igor.rocha683@email.com
C0684,Diego Souza,Torre,2025-10-04,Sim,26,diego.souza684@email.com
C0685,Arthur Barbosa,Torre,2024-12-03,Sim,23,arthur.barbosa685@email.com
C0686,Rafaela Medeiros,Bessa,2025-01-14,Não,27,rafaela.medeiros686@email.com
C0687,Thiago Almeida,Jardim Oceania,2025-07-07,Sim,29,thiago.almeida687@email.com
C0688,Ana Costa,Jardim Oceania,2026-03-24,Sim,31,ana.costa688@email.com
C0689,Mateus Santos,Centro,2025-11-10,Não,29,mateus.santos689@email.com
C0690,Eduarda Ferreira,Bessa,2025-12-17,Não,46,eduarda.ferreira690@email.com
C0691,Lucas Santos,Cabo Branco,2025-06-27,Não,41,lucas.santos691@email.com
C0692,Caio Lins,Bancários,2025-03-30,Não,42,caio.lins692@email.com
C0693,Igor Ribeiro,Torre,2024-05-18,Sim,31,igor.ribeiro693@email.com
C0694,Gabriela Lins,Manaíra,2024-12-18,Sim,20,gabriela.lins694@email.com
C0695,Igor Gomes,Miramar,2025-06-14,Não,48,igor.gomes695@email.com
C0696,Elaine Santos,Bancários,2025-05-27,Não,17,elaine.santos696@email.com
C0697,Sofia Lima,Manaíra,2026-03-12,Não,31,sofia.lima697@email.com
C0698,Gabriela Barbosa,Bessa,2025-12-01,Não,36,gabriela.barbosa698@email.com
C0699,Natália Souza,Altiplano,2024-07-04,Não,37,natalia.souza699@email.com
C0700,Eduarda Souza,Miramar,2026-05-28,Não,44,eduarda.souza700@email.com
C0701,Eduarda Dantas,Bancários,2025-05-31,Sim,28,eduarda.dantas701@email.com
C0702,Júlia Santos,Cabo Branco,2024-09-05,Sim,41,julia.santos702@email.com
C0703,Isabela Ribeiro,Manaíra,2025-04-19,Não,27,isabela.ribeiro703@email.com
C0704,Yasmin Silva,Bancários,2025-08-17,Sim,40,yasmin.silva704@email.com
C0705,Sofia Barbosa,Cabo Branco,2026-01-27,Não,27,sofia.barbosa705@email.com
C0706,Caio Rocha,Tambaú,2025-12-17,Não,21,caio.rocha706@email.com
C0707,Camila Costa,Miramar,2024-12-15,Sim,38,camila.costa707@email.com
C0708,Diego Barbosa,Centro,2026-03-05,Não,31,diego.barbosa708@email.com
C0709,Thiago Lima,Manaíra,2024-04-28,Não,50,thiago.lima709@email.com
C0710,Rodrigo Rocha,Torre,2024-10-06,Sim,22,rodrigo.rocha710@email.com
C0711,Larissa Lins,Jardim Oceania,2025-07-31,Não,22,larissa.lins711@email.com
C0712,Gustavo Santos,Cabo Branco,2025-08-21,Não,47,gustavo.santos712@email.com
C0713,Eduarda Ribeiro,Altiplano,2025-10-29,Sim,37,eduarda.ribeiro713@email.com
C0714,Davi Barbosa,Tambaú,2025-09-26,Não,17,davi.barbosa714@email.com
C0715,Fernanda Ribeiro,Tambaú,2025-11-04,Não,27,fernanda.ribeiro715@email.com
C0716,João Silva,Tambaú,2025-01-06,Não,43,joao.silva716@email.com
C0717,Sofia Souza,Bessa,2024-08-19,Não,46,sofia.souza717@email.com
C0718,Isabela Barbosa,Centro,2026-02-26,Sim,29,isabela.barbosa718@email.com
C0719,Mariana Almeida,Tambaú,2024-08-14,Não,48,mariana.almeida719@email.com
C0720,André Gomes,Tambaú,2026-04-02,Sim,44,andre.gomes720@email.com
C0721,Elaine Lima,Miramar,2025-01-09,Sim,33,elaine.lima721@email.com
C0722,Mateus Cavalcanti,Tambaú,2026-05-28,Sim,25,mateus.cavalcanti722@email.com
C0723,Larissa Araújo,Tambaú,2025-11-24,Não,42,larissa.araujo723@email.com
C0724,Bruno Souza,Manaíra,2025-10-01,Não,40,bruno.souza724@email.com
C0725,Mariana Ribeiro,Altiplano,2025-09-03,Não,40,mariana.ribeiro725@email.com
C0726,Júlia Oliveira,Bancários,2024-10-16,Não,35,julia.oliveira726@email.com
C0727,Caio Medeiros,Torre,2026-03-02,Não,41,caio.medeiros727@email.com
C0728,Eduarda Silva,Tambaú,2025-02-22,Não,17,eduarda.silva728@email.com
C0729,Caio Dantas,Manaíra,2025-01-07,Sim,38,caio.dantas729@email.com
C0730,Felipe Almeida,Jardim Oceania,2024-05-17,Não,61,felipe.almeida730@email.com
C0731,Yasmin Ferreira,Manaíra,2026-05-27,Sim,65,yasmin.ferreira731@email.com
C0732,Mariana Cavalcanti,Jardim Oceania,2026-02-13,Não,26,mariana.cavalcanti732@email.com
C0733,Rafaela Oliveira,Cabo Branco,2024-06-07,Sim,48,rafaela.oliveira733@email.com
C0734,Thiago Rocha,Cabo Branco,2025-02-16,Sim,30,thiago.rocha734@email.com
C0735,Yasmin Souza,Manaíra,2025-12-04,Sim,23,yasmin.souza735@email.com
C0736,Igor Oliveira,Bancários,2024-05-23,Não,28,igor.oliveira736@email.com
C0737,Natália Ribeiro,Jardim Oceania,2025-01-31,Não,34,natalia.ribeiro737@email.com
C0738,Yasmin Nóbrega,Tambaú,2024-09-13,Não,24,yasmin.nobrega738@email.com
C0739,Isabela Pereira,Cabo Branco,2024-05-12,Não,41,isabela.pereira739@email.com
C0740,João Costa,Altiplano,2024-10-09,Não,34,joao.costa740@email.com
C0741,Yasmin Almeida,Tambaú,2025-05-30,Não,34,yasmin.almeida741@email.com
C0742,Henrique Medeiros,Tambaú,2024-10-02,Sim,48,henrique.medeiros742@email.com
C0743,Rafaela Dantas,Cabo Branco,2026-01-21,Sim,21,rafaela.dantas743@email.com
C0744,Fernanda Nóbrega,Manaíra,2024-08-08,Sim,49,fernanda.nobrega744@email.com
C0745,Mariana Costa,Torre,2024-08-01,Sim,44,mariana.costa745@email.com
C0746,Lucas Nóbrega,Torre,2026-04-27,Não,21,lucas.nobrega746@email.com
C0747,Fernanda Oliveira,Jardim Oceania,2024-07-13,Sim,17,fernanda.oliveira747@email.com
C0748,Samuel Lima,Centro,2025-12-29,Sim,38,samuel.lima748@email.com
C0749,Elaine Araújo,Manaíra,2024-04-26,Não,34,elaine.araujo749@email.com
C0750,Igor Santos,Tambaú,2025-05-13,Não,53,igor.santos750@email.com
C0751,Yasmin Nóbrega,Tambaú,2025-11-13,Sim,38,yasmin.nobrega751@email.com
C0752,Natália Almeida,Miramar,2026-04-06,Sim,22,natalia.almeida752@email.com
C0753,Fernanda Santos,Bessa,2024-09-16,Não,25,fernanda.santos753@email.com
C0754,Thiago Lima,Jardim Oceania,2024-07-17,Não,31,thiago.lima754@email.com
C0755,Rodrigo Ribeiro,Jardim Oceania,2026-02-21,Sim,49,rodrigo.ribeiro755@email.com
C0756,Gustavo Souza,Bancários,2024-10-20,Sim,28,gustavo.souza756@email.com
C0757,Mateus Araújo,Manaíra,2025-09-27,Sim,24,mateus.araujo757@email.com
C0758,Henrique Almeida,Cabo Branco,2025-03-12,Sim,33,henrique.almeida758@email.com
C0759,Letícia Oliveira,Jardim Oceania,2026-05-19,Sim,42,leticia.oliveira759@email.com
C0760,Fernanda Cavalcanti,Jardim Oceania,2024-11-03,Não,34,fernanda.cavalcanti760@email.com
C0761,Sofia Araújo,Bessa,2024-12-10,Sim,34,sofia.araujo761@email.com
C0762,Isabela Santos,Altiplano,2025-05-17,Não,35,isabela.santos762@email.com
C0763,Eduarda Araújo,Torre,2025-09-10,Sim,37,eduarda.araujo763@email.com
C0764,Marcos Oliveira,Tambaú,2025-11-17,Não,45,marcos.oliveira764@email.com
C0765,Mariana Costa,Tambaú,2025-09-24,Sim,22,mariana.costa765@email.com
C0766,Igor Silva,Tambaú,2025-11-04,Não,36,igor.silva766@email.com
C0767,Bruno Cavalcanti,Cabo Branco,2025-05-24,Sim,17,bruno.cavalcanti767@email.com
C0768,Mariana Silva,Altiplano,2025-06-08,Não,45,mariana.silva768@email.com
C0769,Vitória Souza,Tambaú,2025-03-11,Não,44,vitoria.souza769@email.com
C0770,Rafaela Carvalho,Bancários,2024-05-02,Sim,47,rafaela.carvalho770@email.com
C0771,Renata Barbosa,Bancários,2026-04-07,Não,47,renata.barbosa771@email.com
C0772,Arthur Rocha,Cabo Branco,2026-01-23,Não,51,arthur.rocha772@email.com
C0773,Elaine Ferreira,Jardim Oceania,2024-05-21,Não,33,elaine.ferreira773@email.com
C0774,Carla Nóbrega,Miramar,2026-05-23,Sim,59,carla.nobrega774@email.com
C0775,Davi Carvalho,Manaíra,2024-09-25,Não,20,davi.carvalho775@email.com
C0776,Paulo Barbosa,Manaíra,2025-02-20,Não,18,paulo.barbosa776@email.com
C0777,Diego Cavalcanti,Bancários,2025-09-21,Sim,17,diego.cavalcanti777@email.com
C0778,Caio Costa,Cabo Branco,2025-07-27,Sim,47,caio.costa778@email.com
C0779,Igor Almeida,Centro,2024-09-03,Não,38,igor.almeida779@email.com
C0780,Yasmin Gomes,Tambaú,2026-04-26,Não,32,yasmin.gomes780@email.com
C0781,Beatriz Medeiros,Bessa,2026-03-23,Sim,34,beatriz.medeiros781@email.com
C0782,Igor Oliveira,Miramar,2025-12-15,Não,31,igor.oliveira782@email.com
C0783,Bruno Barbosa,Manaíra,2025-05-08,Não,31,bruno.barbosa783@email.com
C0784,André Santos,Tambaú,2024-03-03,Sim,23,andre.santos784@email.com
C0785,Samuel Santos,Tambaú,2025-10-18,Sim,52,samuel.santos785@email.com
C0786,Fernanda Lima,Miramar,2024-12-05,Não,36,fernanda.lima786@email.com
C0787,Fernanda Medeiros,Altiplano,2025-10-22,Não,31,fernanda.medeiros787@email.com
C0788,Henrique Nóbrega,Tambaú,2024-05-26,Não,22,henrique.nobrega788@email.com
C0789,Henrique Almeida,Tambaú,2025-01-08,Não,44,henrique.almeida789@email.com
C0790,Henrique Ferreira,Bancários,2024-09-09,Não,36,henrique.ferreira790@email.com
C0791,Marcos Ferreira,Bessa,2025-03-07,Não,37,marcos.ferreira791@email.com
C0792,Mateus Almeida,Bessa,2025-06-16,Sim,18,mateus.almeida792@email.com
C0793,Mateus Ribeiro,Manaíra,2026-05-01,Sim,46,mateus.ribeiro793@email.com
C0794,Ana Souza,Centro,2024-03-22,Não,45,ana.souza794@email.com
C0795,Carla Gomes,Tambaú,2025-10-04,Não,49,carla.gomes795@email.com
C0796,Fernanda Nóbrega,Manaíra,2025-10-27,Não,33,fernanda.nobrega796@email.com
C0797,Lucas Medeiros,Manaíra,2025-09-18,Sim,30,lucas.medeiros797@email.com
C0798,Isabela Costa,Tambaú,2026-04-03,Não,32,isabela.costa798@email.com
C0799,Samuel Araújo,Tambaú,2025-11-25,Não,24,samuel.araujo799@email.com
C0800,Lucas Araújo,Manaíra,2025-06-04,Sim,28,lucas.araujo800@email.com
C0801,Marcos Araújo,Altiplano,2025-12-04,Sim,22,marcos.araujo801@email.com
C0802,Marcos Barbosa,Bancários,2025-04-30,Sim,48,marcos.barbosa802@email.com
C0803,Yasmin Barbosa,Cabo Branco,2024-03-09,Sim,51,yasmin.barbosa803@email.com
C0804,Mariana Oliveira,Cabo Branco,2024-09-12,Sim,32,mariana.oliveira804@email.com
C0805,Gustavo Medeiros,Torre,2025-09-27,Sim,43,gustavo.medeiros805@email.com
C0806,Caio Costa,Manaíra,2025-06-27,Sim,42,caio.costa806@email.com
C0807,Samuel Rocha,Miramar,2024-04-27,Não,45,samuel.rocha807@email.com
C0808,Samuel Dantas,Cabo Branco,2025-11-06,Sim,27,samuel.dantas808@email.com
C0809,Paulo Almeida,Altiplano,2025-10-16,Não,17,paulo.almeida809@email.com
C0810,Vitória Ferreira,Jardim Oceania,2024-09-05,Não,37,vitoria.ferreira810@email.com
C0811,Arthur Rocha,Cabo Branco,2024-03-06,Não,46,arthur.rocha811@email.com
C0812,Felipe Costa,Bessa,2024-11-18,Sim,30,felipe.costa812@email.com
C0813,Rodrigo Pereira,Torre,2024-05-16,Não,47,rodrigo.pereira813@email.com
C0814,Felipe Ribeiro,Tambaú,2024-06-17,Não,34,felipe.ribeiro814@email.com
C0815,Lucas Ferreira,Bancários,2025-01-18,Sim,17,lucas.ferreira815@email.com
C0816,Natália Araújo,Torre,2025-10-24,Sim,35,natalia.araujo816@email.com
C0817,Elaine Barbosa,Torre,2024-06-28,Sim,30,elaine.barbosa817@email.com
C0818,André Ribeiro,Centro,2024-07-30,Não,31,andre.ribeiro818@email.com
C0819,Carla Almeida,Jardim Oceania,2024-09-29,Não,37,carla.almeida819@email.com
C0820,Sofia Oliveira,Bancários,2025-01-27,Não,41,sofia.oliveira820@email.com
C0821,Carla Almeida,Altiplano,2025-08-17,Sim,36,carla.almeida821@email.com
C0822,André Cavalcanti,Manaíra,2024-12-27,Sim,46,andre.cavalcanti822@email.com
C0823,Eduarda Medeiros,Centro,2025-02-14,Sim,25,eduarda.medeiros823@email.com
C0824,Renata Gomes,Bessa,2024-04-03,Não,18,renata.gomes824@email.com
C0825,Marcos Cavalcanti,Manaíra,2026-05-14,Sim,49,marcos.cavalcanti825@email.com
C0826,Letícia Oliveira,Cabo Branco,2024-05-03,Não,35,leticia.oliveira826@email.com
C0827,Henrique Almeida,Manaíra,2024-09-26,Sim,45,henrique.almeida827@email.com
C0828,Henrique Santos,Tambaú,2025-06-05,Não,34,henrique.santos828@email.com
C0829,Renata Lima,Bessa,2026-05-26,Não,45,renata.lima829@email.com
C0830,Pedro Cavalcanti,Manaíra,2024-11-21,Não,29,pedro.cavalcanti830@email.com
C0831,Davi Cavalcanti,Tambaú,2024-11-29,Sim,38,davi.cavalcanti831@email.com
C0832,Natália Almeida,Bessa,2024-06-08,Não,35,natalia.almeida832@email.com
C0833,Elaine Almeida,Manaíra,2026-04-23,Sim,40,elaine.almeida833@email.com
C0834,Ana Araújo,Manaíra,2026-02-01,Não,41,ana.araujo834@email.com
C0835,Larissa Dantas,Cabo Branco,2024-03-06,Sim,43,larissa.dantas835@email.com
C0836,Rodrigo Carvalho,Bancários,2026-04-01,Sim,56,rodrigo.carvalho836@email.com
C0837,Rodrigo Ribeiro,Centro,2024-03-22,Sim,33,rodrigo.ribeiro837@email.com
C0838,Renata Oliveira,Tambaú,2024-10-14,Sim,44,renata.oliveira838@email.com
C0839,Yasmin Lima,Tambaú,2024-11-12,Não,27,yasmin.lima839@email.com
C0840,Rodrigo Almeida,Cabo Branco,2025-10-18,Não,26,rodrigo.almeida840@email.com
C0841,Gustavo Silva,Manaíra,2024-10-06,Sim,37,gustavo.silva841@email.com
C0842,Lucas Medeiros,Manaíra,2024-08-25,Não,55,lucas.medeiros842@email.com
C0843,Felipe Lins,Manaíra,2024-12-07,Não,50,felipe.lins843@email.com
C0844,Caio Medeiros,Tambaú,2024-09-28,Sim,44,caio.medeiros844@email.com
C0845,Yasmin Silva,Manaíra,2025-12-13,Não,33,yasmin.silva845@email.com
C0846,Yasmin Silva,Cabo Branco,2024-03-01,Sim,25,yasmin.silva846@email.com
C0847,Eduarda Santos,Manaíra,2025-11-23,Não,33,eduarda.santos847@email.com
C0848,Bruno Santos,Tambaú,2025-12-01,Não,26,bruno.santos848@email.com
C0849,Vitória Lima,Jardim Oceania,2026-05-10,Sim,44,vitoria.lima849@email.com
C0850,Bruno Silva,Manaíra,2026-01-15,Sim,37,bruno.silva850@email.com
C0851,Paulo Santos,Altiplano,2025-12-30,Sim,33,paulo.santos851@email.com
C0852,Bruno Dantas,Manaíra,2026-04-03,Não,45,bruno.dantas852@email.com
C0853,Gabriela Ribeiro,Jardim Oceania,2024-04-17,Não,29,gabriela.ribeiro853@email.com
C0854,Diego Costa,Tambaú,2025-09-15,Sim,39,diego.costa854@email.com
C0855,Samuel Lima,Torre,2024-05-25,Sim,44,samuel.lima855@email.com
C0856,Paulo Costa,Manaíra,2025-05-19,Não,35,paulo.costa856@email.com
C0857,Natália Santos,Bessa,2025-01-22,Não,44,natalia.santos857@email.com
C0858,Caio Ribeiro,Miramar,2025-05-17,Não,30,caio.ribeiro858@email.com
C0859,Carla Costa,Centro,2025-01-16,Sim,34,carla.costa859@email.com
C0860,Carla Araújo,Bessa,2024-08-08,Sim,35,carla.araujo860@email.com
C0861,Renata Gomes,Manaíra,2024-11-11,Sim,27,renata.gomes861@email.com
C0862,Fernanda Ribeiro,Miramar,2025-10-30,Sim,28,fernanda.ribeiro862@email.com
C0863,Renata Souza,Centro,2026-02-12,Sim,40,renata.souza863@email.com
C0864,Letícia Medeiros,Tambaú,2024-06-29,Não,28,leticia.medeiros864@email.com
C0865,Eduarda Souza,Centro,2025-01-08,Sim,47,eduarda.souza865@email.com
C0866,Thiago Medeiros,Tambaú,2025-08-27,Não,30,thiago.medeiros866@email.com
C0867,Pedro Nóbrega,Altiplano,2025-01-30,Não,27,pedro.nobrega867@email.com
C0868,Felipe Oliveira,Centro,2025-04-03,Não,51,felipe.oliveira868@email.com
C0869,Ana Pereira,Manaíra,2026-03-19,Sim,28,ana.pereira869@email.com
C0870,Bruno Ferreira,Cabo Branco,2025-02-06,Sim,27,bruno.ferreira870@email.com
C0871,Patrícia Ferreira,Tambaú,2024-10-31,Sim,36,patricia.ferreira871@email.com
C0872,Carla Santos,Bancários,2025-05-23,Sim,17,carla.santos872@email.com
C0873,Thiago Silva,Centro,2024-09-13,Não,24,thiago.silva873@email.com
C0874,Mateus Silva,Manaíra,2024-04-10,Sim,48,mateus.silva874@email.com
C0875,Ana Araújo,Bessa,2025-11-20,Não,26,ana.araujo875@email.com
C0876,Larissa Medeiros,Jardim Oceania,2026-02-21,Sim,51,larissa.medeiros876@email.com
C0877,Mariana Ribeiro,Cabo Branco,2024-08-09,Não,46,mariana.ribeiro877@email.com
C0878,Felipe Barbosa,Centro,2024-10-06,Não,43,felipe.barbosa878@email.com
C0879,Paulo Souza,Bessa,2024-09-16,Sim,40,paulo.souza879@email.com
C0880,Arthur Nóbrega,Miramar,2025-01-11,Sim,47,arthur.nobrega880@email.com
C0881,Lucas Dantas,Cabo Branco,2025-01-02,Não,36,lucas.dantas881@email.com
C0882,Pedro Santos,Torre,2024-06-24,Sim,21,pedro.santos882@email.com
C0883,Felipe Lima,Jardim Oceania,2024-08-18,Sim,20,felipe.lima883@email.com
C0884,Letícia Ribeiro,Torre,2025-09-10,Sim,52,leticia.ribeiro884@email.com
C0885,Carla Gomes,Bessa,2024-03-17,Sim,30,carla.gomes885@email.com
C0886,Felipe Lima,Torre,2025-07-22,Não,38,felipe.lima886@email.com
C0887,Samuel Ribeiro,Manaíra,2025-07-29,Sim,31,samuel.ribeiro887@email.com
C0888,Fernanda Silva,Altiplano,2026-02-01,Não,40,fernanda.silva888@email.com
C0889,Arthur Carvalho,Centro,2024-11-18,Sim,29,arthur.carvalho889@email.com
C0890,Samuel Pereira,Tambaú,2025-02-01,Não,27,samuel.pereira890@email.com
C0891,Lorena Lins,Altiplano,2024-07-26,Sim,48,lorena.lins891@email.com
C0892,Larissa Costa,Bessa,2025-09-26,Sim,43,larissa.costa892@email.com
C0893,Samuel Gomes,Centro,2026-05-16,Sim,17,samuel.gomes893@email.com
C0894,Eduarda Costa,Cabo Branco,2024-09-28,Sim,37,eduarda.costa894@email.com
C0895,Mariana Carvalho,Manaíra,2025-03-30,Não,40,mariana.carvalho895@email.com
C0896,Diego Lima,Altiplano,2025-12-10,Não,43,diego.lima896@email.com
C0897,Paulo Souza,Miramar,2024-10-10,Sim,56,paulo.souza897@email.com
C0898,Patrícia Barbosa,Cabo Branco,2024-06-02,Não,52,patricia.barbosa898@email.com
C0899,Henrique Nóbrega,Tambaú,2025-03-13,Não,35,henrique.nobrega899@email.com
C0900,Yasmin Souza,Jardim Oceania,2025-11-03,Não,48,yasmin.souza900@email.com
C0901,Isabela Dantas,Manaíra,2024-08-01,Não,28,isabela.dantas901@email.com
C0902,Samuel Lins,Manaíra,2024-10-27,Não,51,samuel.lins902@email.com
C0903,Gabriela Araújo,Tambaú,2024-04-09,Não,29,gabriela.araujo903@email.com
C0904,Paulo Silva,Tambaú,2024-12-16,Sim,46,paulo.silva904@email.com
C0905,Gustavo Carvalho,Torre,2024-09-26,Não,50,gustavo.carvalho905@email.com
C0906,Arthur Cavalcanti,Tambaú,2026-01-08,Sim,25,arthur.cavalcanti906@email.com
C0907,Rafaela Rocha,Bancários,2025-10-22,Não,32,rafaela.rocha907@email.com
C0908,Vitória Santos,Manaíra,2026-04-03,Não,40,vitoria.santos908@email.com
C0909,Marcos Medeiros,Bessa,2024-12-17,Não,38,marcos.medeiros909@email.com
C0910,Natália Cavalcanti,Manaíra,2024-07-09,Sim,41,natalia.cavalcanti910@email.com
C0911,Gabriela Medeiros,Altiplano,2025-07-31,Não,42,gabriela.medeiros911@email.com
C0912,Paulo Barbosa,Tambaú,2024-03-28,Sim,30,paulo.barbosa912@email.com
C0913,Renata Lima,Jardim Oceania,2026-03-08,Não,38,renata.lima913@email.com
C0914,Vitória Dantas,Manaíra,2025-10-23,Sim,36,vitoria.dantas914@email.com
C0915,André Costa,Manaíra,2026-01-20,Não,19,andre.costa915@email.com
C0916,Rafaela Rocha,Jardim Oceania,2025-05-24,Sim,40,rafaela.rocha916@email.com
C0917,Felipe Lima,Manaíra,2025-05-27,Não,38,felipe.lima917@email.com
C0918,Rodrigo Souza,Manaíra,2024-06-08,Sim,26,rodrigo.souza918@email.com
C0919,André Pereira,Centro,2025-02-06,Sim,50,andre.pereira919@email.com
C0920,Júlia Almeida,Manaíra,2025-09-23,Não,30,julia.almeida920@email.com
C0921,Natália Barbosa,Cabo Branco,2024-04-22,Não,33,natalia.barbosa921@email.com
C0922,Gustavo Lima,Miramar,2026-05-14,Não,33,gustavo.lima922@email.com
C0923,Renata Pereira,Centro,2024-07-27,Sim,17,renata.pereira923@email.com
C0924,Davi Silva,Miramar,2024-08-09,Não,17,davi.silva924@email.com
C0925,Elaine Pereira,Manaíra,2025-09-22,Não,40,elaine.pereira925@email.com
C0926,Ana Gomes,Bancários,2024-11-02,Não,36,ana.gomes926@email.com
C0927,Isabela Araújo,Torre,2026-02-19,Não,30,isabela.araujo927@email.com
C0928,João Lima,Manaíra,2025-01-10,Sim,28,joao.lima928@email.com
C0929,Bruno Araújo,Torre,2024-03-15,Sim,28,bruno.araujo929@email.com
C0930,Isabela Medeiros,Tambaú,2024-06-29,Não,35,isabela.medeiros930@email.com
C0931,Larissa Gomes,Bancários,2025-03-12,Sim,44,larissa.gomes931@email.com
C0932,Natália Ribeiro,Bancários,2026-01-02,Sim,26,natalia.ribeiro932@email.com
C0933,Bruno Lins,Tambaú,2024-03-03,Não,21,bruno.lins933@email.com
C0934,Caio Santos,Tambaú,2025-02-27,Não,26,caio.santos934@email.com
C0935,Júlia Santos,Jardim Oceania,2026-02-09,Não,44,julia.santos935@email.com
C0936,Henrique Rocha,Torre,2024-07-03,Sim,23,henrique.rocha936@email.com
C0937,Renata Dantas,Miramar,2026-03-30,Sim,33,renata.dantas937@email.com
C0938,Yasmin Ribeiro,Bessa,2025-02-11,Sim,39,yasmin.ribeiro938@email.com
C0939,Ana Araújo,Miramar,2024-06-22,Sim,17,ana.araujo939@email.com
C0940,Henrique Cavalcanti,Tambaú,2024-10-26,Não,35,henrique.cavalcanti940@email.com
C0941,Henrique Ribeiro,Bancários,2024-03-28,Não,39,henrique.ribeiro941@email.com
C0942,Igor Santos,Manaíra,2024-12-24,Sim,35,igor.santos942@email.com
C0943,Gabriela Ferreira,Miramar,2026-05-21,Não,35,gabriela.ferreira943@email.com
C0944,Natália Lima,Bancários,2024-07-02,Não,36,natalia.lima944@email.com
C0945,Arthur Pereira,Tambaú,2024-08-21,Não,36,arthur.pereira945@email.com
C0946,Júlia Dantas,Jardim Oceania,2026-02-19,Sim,23,julia.dantas946@email.com
C0947,Caio Barbosa,Altiplano,2024-05-27,Sim,17,caio.barbosa947@email.com
C0948,Mariana Carvalho,Altiplano,2026-05-20,Não,17,mariana.carvalho948@email.com
C0949,Renata Lima,Manaíra,2025-09-22,Não,27,renata.lima949@email.com
C0950,André Medeiros,Altiplano,2026-04-05,Não,27,andre.medeiros950@email.com
C0951,Carla Gomes,Tambaú,2024-09-06,Não,43,carla.gomes951@email.com
C0952,Isabela Souza,Tambaú,2025-06-07,Sim,28,isabela.souza952@email.com
C0953,Lorena Medeiros,Centro,2026-05-14,Não,32,lorena.medeiros953@email.com
C0954,Gabriela Pereira,Cabo Branco,2024-11-15,Não,46,gabriela.pereira954@email.com
C0955,Gabriela Costa,Miramar,2024-03-12,Não,32,gabriela.costa955@email.com
C0956,Renata Nóbrega,Cabo Branco,2024-07-22,Não,33,renata.nobrega956@email.com
C0957,Gustavo Santos,Manaíra,2024-06-05,Não,29,gustavo.santos957@email.com
C0958,André Santos,Centro,2024-09-29,Não,27,andre.santos958@email.com
C0959,Bruno Pereira,Manaíra,2025-01-28,Não,21,bruno.pereira959@email.com
C0960,Isabela Costa,Jardim Oceania,2024-06-18,Não,17,isabela.costa960@email.com
C0961,Igor Medeiros,Bessa,2024-12-25,Sim,24,igor.medeiros961@email.com
C0962,Lorena Medeiros,Tambaú,2026-03-27,Não,31,lorena.medeiros962@email.com
C0963,Samuel Cavalcanti,Manaíra,2024-06-01,Não,36,samuel.cavalcanti963@email.com
C0964,Mateus Almeida,Bessa,2025-04-07,Não,21,mateus.almeida964@email.com
C0965,Natália Lima,Bessa,2026-02-01,Não,40,natalia.lima965@email.com
C0966,Paulo Araújo,Cabo Branco,2026-02-18,Sim,43,paulo.araujo966@email.com
C0967,Gustavo Cavalcanti,Bessa,2024-05-23,Não,45,gustavo.cavalcanti967@email.com
C0968,Vitória Santos,Cabo Branco,2026-05-27,Não,32,vitoria.santos968@email.com
C0969,Eduarda Costa,Cabo Branco,2024-05-03,Sim,42,eduarda.costa969@email.com
C0970,Caio Souza,Centro,2024-09-07,Sim,47,caio.souza970@email.com
C0971,Diego Santos,Cabo Branco,2025-12-04,Sim,30,diego.santos971@email.com
C0972,Marcos Costa,Bancários,2025-02-03,Sim,51,marcos.costa972@email.com
C0973,Paulo Oliveira,Cabo Branco,2024-04-10,Não,54,paulo.oliveira973@email.com
C0974,Fernanda Oliveira,Cabo Branco,2025-06-12,Não,37,fernanda.oliveira974@email.com
C0975,Henrique Pereira,Cabo Branco,2024-08-04,Sim,41,henrique.pereira975@email.com
C0976,Rodrigo Ferreira,Bessa,2024-09-24,Sim,57,rodrigo.ferreira976@email.com
C0977,Pedro Nóbrega,Altiplano,2026-01-09,Não,46,pedro.nobrega977@email.com
C0978,Eduarda Barbosa,Manaíra,2025-11-05,Não,43,eduarda.barbosa978@email.com
C0979,Arthur Rocha,Centro,2025-11-11,Sim,17,arthur.rocha979@email.com
C0980,Caio Santos,Manaíra,2024-07-21,Não,47,caio.santos980@email.com
C0981,Samuel Rocha,Cabo Branco,2025-07-10,Sim,46,samuel.rocha981@email.com
C0982,Letícia Rocha,Torre,2024-09-29,Sim,25,leticia.rocha982@email.com
C0983,Bruno Souza,Cabo Branco,2024-12-13,Sim,23,bruno.souza983@email.com
C0984,Vitória Almeida,Miramar,2024-09-03,Sim,27,vitoria.almeida984@email.com
C0985,Mateus Souza,Tambaú,2025-02-03,Sim,35,mateus.souza985@email.com
C0986,Júlia Oliveira,Cabo Branco,2024-06-25,Sim,23,julia.oliveira986@email.com
C0987,Carla Costa,Altiplano,2024-08-25,Sim,49,carla.costa987@email.com
C0988,Bruno Lima,Tambaú,2026-04-03,Sim,29,bruno.lima988@email.com
C0989,Lucas Nóbrega,Torre,2025-04-28,Não,24,lucas.nobrega989@email.com
C0990,Ana Pereira,Tambaú,2026-05-15,Sim,17,ana.pereira990@email.com
C0991,Gabriela Nóbrega,Tambaú,2024-11-06,Não,32,gabriela.nobrega991@email.com
C0992,Larissa Silva,Altiplano,2025-05-20,Sim,42,larissa.silva992@email.com
C0993,Caio Souza,Tambaú,2025-03-19,Sim,36,caio.souza993@email.com
C0994,Felipe Almeida,Cabo Branco,2024-07-21,Não,34,felipe.almeida994@email.com
C0995,Igor Lima,Cabo Branco,2025-07-05,Não,41,igor.lima995@email.com
C0996,Samuel Almeida,Miramar,2026-01-14,Não,25,samuel.almeida996@email.com
C0997,Henrique Gomes,Altiplano,2024-04-28,Não,36,henrique.gomes997@email.com
C0998,Mateus Araújo,Manaíra,2025-12-11,Não,46,mateus.araujo998@email.com
C0999,Henrique Dantas,Tambaú,2025-04-29,Sim,43,henrique.dantas999@email.com
C1000,Bruno Gomes,Manaíra,2025-11-07,Sim,25,bruno.gomes1000@email.com
C1001,Isabela Costa,Bancários,2024-03-15,Não,28,isabela.costa1001@email.com
C1002,Patrícia Medeiros,Manaíra,2025-05-26,Sim,33,patricia.medeiros1002@email.com
C1003,Eduarda Ferreira,Tambaú,2024-04-12,Não,39,eduarda.ferreira1003@email.com
C1004,Caio Lima,Tambaú,2024-10-24,Sim,24,caio.lima1004@email.com
C1005,Henrique Lima,Bessa,2024-05-25,Não,34,henrique.lima1005@email.com
C1006,Lucas Pereira,Miramar,2024-08-10,Sim,35,lucas.pereira1006@email.com
C1007,Mateus Gomes,Manaíra,2026-04-02,Não,35,mateus.gomes1007@email.com
C1008,Júlia Costa,Bancários,2025-09-06,Não,22,julia.costa1008@email.com
C1009,Paulo Rocha,Manaíra,2026-05-11,Não,39,paulo.rocha1009@email.com
C1010,André Carvalho,Torre,2025-05-03,Não,47,andre.carvalho1010@email.com
C1011,Gustavo Santos,Tambaú,2024-10-03,Sim,36,gustavo.santos1011@email.com
C1012,Sofia Silva,Bancários,2024-04-05,Não,29,sofia.silva1012@email.com
C1013,Caio Araújo,Tambaú,2025-06-10,Não,30,caio.araujo1013@email.com
C1014,Larissa Araújo,Cabo Branco,2025-02-05,Sim,23,larissa.araujo1014@email.com
C1015,Júlia Gomes,Tambaú,2025-02-25,Sim,42,julia.gomes1015@email.com
C1016,Vitória Araújo,Tambaú,2024-11-09,Sim,24,vitoria.araujo1016@email.com
C1017,João Almeida,Tambaú,2026-04-28,Não,46,joao.almeida1017@email.com
C1018,Isabela Ribeiro,Altiplano,2025-03-01,Não,37,isabela.ribeiro1018@email.com
C1019,Marcos Almeida,Bessa,2025-11-03,Não,40,marcos.almeida1019@email.com
C1020,Eduarda Pereira,Manaíra,2025-01-03,Não,20,eduarda.pereira1020@email.com
C1021,Elaine Carvalho,Cabo Branco,2024-09-14,Não,40,elaine.carvalho1021@email.com
C1022,Thiago Almeida,Manaíra,2025-03-18,Não,36,thiago.almeida1022@email.com
C1023,Camila Medeiros,Cabo Branco,2025-11-20,Sim,51,camila.medeiros1023@email.com
C1024,Gustavo Santos,Tambaú,2026-03-20,Não,25,gustavo.santos1024@email.com
C1025,Rodrigo Ribeiro,Jardim Oceania,2025-02-20,Não,41,rodrigo.ribeiro1025@email.com
C1026,Felipe Ferreira,Altiplano,2025-02-15,Sim,57,felipe.ferreira1026@email.com
C1027,Elaine Ferreira,Miramar,2024-03-03,Não,40,elaine.ferreira1027@email.com
C1028,Gustavo Santos,Cabo Branco,2025-02-05,Não,51,gustavo.santos1028@email.com
C1029,Caio Cavalcanti,Torre,2026-05-25,Não,26,caio.cavalcanti1029@email.com
C1030,Bruno Araújo,Bessa,2025-01-14,Sim,17,bruno.araujo1030@email.com
C1031,Davi Medeiros,Torre,2025-09-19,Não,41,davi.medeiros1031@email.com
C1032,Caio Ribeiro,Jardim Oceania,2024-12-25,Não,17,caio.ribeiro1032@email.com
C1033,Ana Dantas,Manaíra,2026-03-30,Sim,26,ana.dantas1033@email.com
C1034,Letícia Santos,Torre,2024-06-01,Não,31,leticia.santos1034@email.com
C1035,Arthur Barbosa,Miramar,2025-08-15,Não,17,arthur.barbosa1035@email.com
C1036,Rafaela Ferreira,Bancários,2025-01-23,Não,55,rafaela.ferreira1036@email.com
C1037,Natália Costa,Tambaú,2024-08-06,Não,26,natalia.costa1037@email.com
C1038,Patrícia Ribeiro,Miramar,2024-12-17,Não,24,patricia.ribeiro1038@email.com
C1039,Samuel Pereira,Bessa,2025-03-08,Sim,17,samuel.pereira1039@email.com
C1040,Júlia Rocha,Cabo Branco,2025-07-24,Sim,35,julia.rocha1040@email.com
C1041,Fernanda Ribeiro,Torre,2024-10-17,Não,17,fernanda.ribeiro1041@email.com
C1042,Gabriela Silva,Cabo Branco,2025-07-11,Sim,51,gabriela.silva1042@email.com
C1043,Elaine Lins,Altiplano,2025-03-31,Não,39,elaine.lins1043@email.com
C1044,Gustavo Araújo,Tambaú,2025-10-25,Sim,45,gustavo.araujo1044@email.com
C1045,Rafaela Araújo,Tambaú,2025-12-11,Sim,33,rafaela.araujo1045@email.com
C1046,Gustavo Lins,Bancários,2025-01-16,Sim,33,gustavo.lins1046@email.com
C1047,Thiago Santos,Miramar,2024-07-14,Não,32,thiago.santos1047@email.com
C1048,Pedro Ribeiro,Tambaú,2024-07-19,Não,39,pedro.ribeiro1048@email.com
C1049,Lucas Silva,Cabo Branco,2025-01-26,Sim,42,lucas.silva1049@email.com
C1050,Vitória Barbosa,Altiplano,2024-11-26,Não,36,vitoria.barbosa1050@email.com
C1051,Igor Ferreira,Tambaú,2024-07-23,Não,41,igor.ferreira1051@email.com
C1052,Isabela Barbosa,Tambaú,2025-12-24,Não,17,isabela.barbosa1052@email.com
C1053,Júlia Silva,Torre,2025-07-09,Sim,48,julia.silva1053@email.com
C1054,Fernanda Cavalcanti,Manaíra,2025-01-19,Não,36,fernanda.cavalcanti1054@email.com
C1055,Júlia Gomes,Miramar,2024-05-21,Não,37,julia.gomes1055@email.com
C1056,Lorena Medeiros,Miramar,2025-05-29,Não,36,lorena.medeiros1056@email.com
C1057,Beatriz Oliveira,Torre,2025-04-27,Não,41,beatriz.oliveira1057@email.com
C1058,Letícia Araújo,Altiplano,2024-08-27,Sim,32,leticia.araujo1058@email.com
C1059,Igor Santos,Miramar,2024-12-07,Sim,27,igor.santos1059@email.com
C1060,Paulo Rocha,Torre,2025-11-19,Sim,20,paulo.rocha1060@email.com
C1061,Renata Pereira,Bancários,2024-07-25,Não,37,renata.pereira1061@email.com
C1062,Carla Ferreira,Tambaú,2025-12-30,Sim,20,carla.ferreira1062@email.com
C1063,Davi Barbosa,Bancários,2025-08-15,Sim,28,davi.barbosa1063@email.com
C1064,Larissa Pereira,Manaíra,2025-12-09,Sim,36,larissa.pereira1064@email.com
C1065,Carla Dantas,Bancários,2024-07-24,Sim,17,carla.dantas1065@email.com
C1066,Igor Ribeiro,Bancários,2025-07-13,Não,28,igor.ribeiro1066@email.com
C1067,Letícia Dantas,Torre,2024-06-18,Sim,34,leticia.dantas1067@email.com
C1068,Arthur Ferreira,Tambaú,2024-05-12,Sim,40,arthur.ferreira1068@email.com
C1069,Elaine Carvalho,Manaíra,2024-05-05,Sim,26,elaine.carvalho1069@email.com
C1070,Felipe Souza,Tambaú,2025-12-23,Sim,27,felipe.souza1070@email.com
C1071,Ana Silva,Cabo Branco,2024-04-10,Sim,48,ana.silva1071@email.com
C1072,Davi Gomes,Cabo Branco,2026-04-03,Não,26,davi.gomes1072@email.com
C1073,Samuel Carvalho,Miramar,2025-03-24,Não,17,samuel.carvalho1073@email.com
C1074,Letícia Silva,Cabo Branco,2025-12-08,Não,37,leticia.silva1074@email.com
C1075,Bruno Pereira,Miramar,2024-10-13,Não,31,bruno.pereira1075@email.com
C1076,Patrícia Lima,Tambaú,2026-05-18,Não,40,patricia.lima1076@email.com
C1077,Larissa Silva,Centro,2025-10-25,Não,42,larissa.silva1077@email.com
C1078,Paulo Silva,Manaíra,2026-04-16,Não,34,paulo.silva1078@email.com
C1079,Felipe Barbosa,Bancários,2025-01-26,Não,28,felipe.barbosa1079@email.com
C1080,Elaine Lima,Torre,2026-05-17,Não,33,elaine.lima1080@email.com
C1081,Elaine Gomes,Altiplano,2024-10-18,Não,30,elaine.gomes1081@email.com
C1082,Rafaela Araújo,Manaíra,2025-07-25,Não,24,rafaela.araujo1082@email.com
C1083,Lucas Carvalho,Tambaú,2024-11-26,Sim,46,lucas.carvalho1083@email.com
C1084,Renata Lima,Jardim Oceania,2026-02-28,Sim,54,renata.lima1084@email.com
C1085,Diego Medeiros,Manaíra,2025-08-14,Não,38,diego.medeiros1085@email.com
C1086,João Almeida,Cabo Branco,2026-01-15,Não,34,joao.almeida1086@email.com
C1087,Rodrigo Costa,Manaíra,2024-04-24,Sim,39,rodrigo.costa1087@email.com
C1088,Eduarda Ribeiro,Bancários,2026-03-15,Não,36,eduarda.ribeiro1088@email.com
C1089,Camila Almeida,Centro,2026-02-12,Não,26,camila.almeida1089@email.com
C1090,Marcos Medeiros,Miramar,2025-05-18,Sim,24,marcos.medeiros1090@email.com
C1091,Rodrigo Costa,Tambaú,2025-08-15,Não,37,rodrigo.costa1091@email.com
C1092,Larissa Costa,Manaíra,2026-02-21,Sim,35,larissa.costa1092@email.com
C1093,Henrique Barbosa,Altiplano,2024-04-24,Não,44,henrique.barbosa1093@email.com
C1094,Fernanda Ribeiro,Miramar,2026-01-04,Não,43,fernanda.ribeiro1094@email.com
C1095,Camila Lins,Manaíra,2025-10-29,Sim,40,camila.lins1095@email.com
C1096,Larissa Oliveira,Miramar,2024-12-24,Sim,35,larissa.oliveira1096@email.com
C1097,Sofia Oliveira,Centro,2024-08-22,Não,40,sofia.oliveira1097@email.com
C1098,Caio Costa,Manaíra,2026-05-03,Sim,26,caio.costa1098@email.com
C1099,Sofia Araújo,Altiplano,2026-05-04,Não,43,sofia.araujo1099@email.com
C1100,Camila Lins,Torre,2025-09-27,Não,28,camila.lins1100@email.com
C1101,Gustavo Ribeiro,Tambaú,2026-01-22,Sim,34,gustavo.ribeiro1101@email.com
C1102,Isabela Nóbrega,Altiplano,2025-04-15,Não,26,isabela.nobrega1102@email.com
C1103,Lucas Oliveira,Bessa,2025-01-25,Não,23,lucas.oliveira1103@email.com
C1104,Igor Dantas,Miramar,2025-06-22,Não,29,igor.dantas1104@email.com
C1105,Davi Santos,Bessa,2025-02-11,Não,26,davi.santos1105@email.com
C1106,Mateus Costa,Tambaú,2024-10-07,Não,29,mateus.costa1106@email.com
C1107,Larissa Oliveira,Manaíra,2026-03-06,Não,37,larissa.oliveira1107@email.com
C1108,Isabela Barbosa,Bessa,2024-11-17,Não,28,isabela.barbosa1108@email.com
C1109,Gustavo Gomes,Bancários,2025-02-04,Sim,23,gustavo.gomes1109@email.com
C1110,Letícia Dantas,Jardim Oceania,2026-02-27,Não,40,leticia.dantas1110@email.com
C1111,Larissa Pereira,Cabo Branco,2025-09-12,Sim,30,larissa.pereira1111@email.com
C1112,André Oliveira,Tambaú,2026-02-16,Sim,49,andre.oliveira1112@email.com
C1113,Natália Gomes,Bancários,2025-06-02,Sim,40,natalia.gomes1113@email.com
C1114,Mariana Souza,Bancários,2025-12-01,Não,25,mariana.souza1114@email.com
C1115,Lucas Dantas,Altiplano,2025-02-18,Não,40,lucas.dantas1115@email.com
C1116,Rodrigo Carvalho,Altiplano,2026-03-06,Sim,35,rodrigo.carvalho1116@email.com
C1117,Felipe Nóbrega,Tambaú,2024-07-29,Sim,28,felipe.nobrega1117@email.com
C1118,Bruno Lima,Manaíra,2024-04-09,Sim,25,bruno.lima1118@email.com
C1119,Elaine Nóbrega,Altiplano,2025-07-27,Não,37,elaine.nobrega1119@email.com
C1120,João Lins,Bessa,2024-11-16,Sim,29,joao.lins1120@email.com
C1121,Lucas Santos,Altiplano,2024-08-07,Sim,37,lucas.santos1121@email.com
C1122,Paulo Araújo,Bancários,2024-03-03,Não,30,paulo.araujo1122@email.com
C1123,Larissa Cavalcanti,Jardim Oceania,2025-05-02,Sim,52,larissa.cavalcanti1123@email.com
C1124,Júlia Cavalcanti,Tambaú,2026-03-22,Não,53,julia.cavalcanti1124@email.com
C1125,Paulo Dantas,Tambaú,2024-04-28,Sim,34,paulo.dantas1125@email.com
C1126,Patrícia Costa,Torre,2025-07-24,Não,20,patricia.costa1126@email.com
C1127,Fernanda Souza,Bessa,2025-11-18,Não,26,fernanda.souza1127@email.com
C1128,Paulo Medeiros,Bessa,2025-03-19,Não,36,paulo.medeiros1128@email.com
C1129,Mateus Araújo,Cabo Branco,2026-01-14,Não,36,mateus.araujo1129@email.com
C1130,Vitória Lima,Manaíra,2025-07-27,Sim,29,vitoria.lima1130@email.com
C1131,Marcos Santos,Cabo Branco,2024-08-05,Sim,35,marcos.santos1131@email.com
C1132,Marcos Almeida,Altiplano,2026-01-12,Sim,41,marcos.almeida1132@email.com
C1133,Vitória Silva,Bessa,2026-01-31,Sim,20,vitoria.silva1133@email.com
C1134,Eduarda Oliveira,Bessa,2025-07-30,Sim,18,eduarda.oliveira1134@email.com
C1135,Sofia Nóbrega,Altiplano,2024-03-10,Não,33,sofia.nobrega1135@email.com
C1136,Elaine Araújo,Miramar,2025-11-03,Sim,23,elaine.araujo1136@email.com
C1137,Letícia Santos,Jardim Oceania,2026-04-05,Sim,43,leticia.santos1137@email.com
C1138,Davi Barbosa,Manaíra,2024-03-17,Não,29,davi.barbosa1138@email.com
C1139,Caio Rocha,Tambaú,2025-06-12,Sim,17,caio.rocha1139@email.com
C1140,Sofia Cavalcanti,Tambaú,2026-02-27,Sim,24,sofia.cavalcanti1140@email.com
C1141,Carla Silva,Cabo Branco,2025-06-03,Sim,39,carla.silva1141@email.com
C1142,André Almeida,Manaíra,2026-03-11,Sim,41,andre.almeida1142@email.com
C1143,Renata Cavalcanti,Tambaú,2025-05-14,Não,32,renata.cavalcanti1143@email.com
C1144,Henrique Araújo,Altiplano,2025-05-31,Sim,50,henrique.araujo1144@email.com
C1145,Igor Souza,Tambaú,2025-08-23,Sim,34,igor.souza1145@email.com
C1146,Ana Souza,Miramar,2024-04-20,Não,38,ana.souza1146@email.com
C1147,Mateus Ferreira,Tambaú,2025-03-16,Não,20,mateus.ferreira1147@email.com
C1148,Eduarda Nóbrega,Centro,2024-08-13,Não,29,eduarda.nobrega1148@email.com
C1149,Marcos Santos,Centro,2025-01-08,Sim,21,marcos.santos1149@email.com
C1150,Rafaela Silva,Tambaú,2025-09-03,Sim,35,rafaela.silva1150@email.com
C1151,Yasmin Costa,Manaíra,2024-11-09,Sim,35,yasmin.costa1151@email.com
C1152,André Gomes,Miramar,2026-05-11,Sim,31,andre.gomes1152@email.com
C1153,Eduarda Lins,Miramar,2025-01-21,Não,45,eduarda.lins1153@email.com
C1154,Arthur Lins,Torre,2024-04-10,Sim,31,arthur.lins1154@email.com
C1155,Letícia Oliveira,Tambaú,2025-09-03,Sim,21,leticia.oliveira1155@email.com
C1156,Ana Oliveira,Centro,2026-03-08,Não,34,ana.oliveira1156@email.com
C1157,Diego Souza,Bessa,2026-04-27,Sim,57,diego.souza1157@email.com
C1158,Davi Cavalcanti,Bessa,2026-01-22,Não,34,davi.cavalcanti1158@email.com
C1159,Sofia Almeida,Altiplano,2025-05-27,Não,44,sofia.almeida1159@email.com
C1160,Thiago Medeiros,Bessa,2024-05-07,Sim,32,thiago.medeiros1160@email.com
C1161,Eduarda Nóbrega,Cabo Branco,2025-01-18,Sim,35,eduarda.nobrega1161@email.com
C1162,Gabriela Nóbrega,Miramar,2025-08-04,Não,40,gabriela.nobrega1162@email.com
C1163,Paulo Nóbrega,Cabo Branco,2024-06-24,Sim,29,paulo.nobrega1163@email.com
C1164,Pedro Lins,Altiplano,2025-09-04,Sim,18,pedro.lins1164@email.com
C1165,Isabela Oliveira,Centro,2026-02-23,Não,26,isabela.oliveira1165@email.com
C1166,Diego Pereira,Cabo Branco,2024-09-14,Não,44,diego.pereira1166@email.com
C1167,Beatriz Araújo,Miramar,2025-12-19,Sim,49,beatriz.araujo1167@email.com
C1168,Davi Santos,Bancários,2024-04-21,Não,39,davi.santos1168@email.com
C1169,Elaine Pereira,Cabo Branco,2024-05-09,Não,41,elaine.pereira1169@email.com
C1170,Eduarda Rocha,Bancários,2024-10-28,Não,37,eduarda.rocha1170@email.com
C1171,Patrícia Lins,Manaíra,2025-03-26,Não,40,patricia.lins1171@email.com
C1172,Diego Araújo,Tambaú,2025-01-22,Sim,39,diego.araujo1172@email.com
C1173,Lorena Lins,Manaíra,2024-06-07,Sim,51,lorena.lins1173@email.com
C1174,Arthur Ferreira,Cabo Branco,2024-08-04,Sim,39,arthur.ferreira1174@email.com
C1175,Eduarda Araújo,Altiplano,2026-02-04,Sim,25,eduarda.araujo1175@email.com
C1176,Lucas Ferreira,Tambaú,2025-01-07,Sim,54,lucas.ferreira1176@email.com
C1177,Paulo Ferreira,Manaíra,2025-11-23,Não,41,paulo.ferreira1177@email.com
C1178,Mateus Medeiros,Manaíra,2025-02-09,Não,34,mateus.medeiros1178@email.com
C1179,Davi Ribeiro,Jardim Oceania,2026-02-22,Não,35,davi.ribeiro1179@email.com
C1180,Davi Cavalcanti,Cabo Branco,2025-12-21,Não,51,davi.cavalcanti1180@email.com
C1181,Gabriela Barbosa,Bancários,2026-04-06,Sim,18,gabriela.barbosa1181@email.com
C1182,Renata Cavalcanti,Cabo Branco,2026-05-05,Não,45,renata.cavalcanti1182@email.com
C1183,Sofia Lima,Manaíra,2025-03-12,Não,29,sofia.lima1183@email.com
C1184,Rodrigo Ribeiro,Tambaú,2024-08-16,Não,29,rodrigo.ribeiro1184@email.com
C1185,Thiago Almeida,Tambaú,2024-12-19,Não,17,thiago.almeida1185@email.com
C1186,Patrícia Silva,Altiplano,2025-10-28,Sim,38,patricia.silva1186@email.com
C1187,Arthur Dantas,Bessa,2026-04-21,Sim,31,arthur.dantas1187@email.com
C1188,Rodrigo Lins,Manaíra,2025-09-10,Não,42,rodrigo.lins1188@email.com
C1189,Patrícia Santos,Jardim Oceania,2026-02-02,Sim,29,patricia.santos1189@email.com
C1190,Júlia Nóbrega,Bessa,2025-12-03,Sim,33,julia.nobrega1190@email.com
C1191,Caio Gomes,Torre,2026-02-18,Sim,23,caio.gomes1191@email.com
C1192,Beatriz Barbosa,Centro,2024-08-13,Não,24,beatriz.barbosa1192@email.com
C1193,Isabela Cavalcanti,Tambaú,2025-08-04,Não,38,isabela.cavalcanti1193@email.com
C1194,Lucas Rocha,Altiplano,2025-07-25,Sim,27,lucas.rocha1194@email.com
C1195,Rodrigo Cavalcanti,Altiplano,2025-07-27,Sim,43,rodrigo.cavalcanti1195@email.com
C1196,Marcos Oliveira,Cabo Branco,2025-06-28,Sim,45,marcos.oliveira1196@email.com
C1197,Renata Barbosa,Miramar,2026-05-01,Sim,23,renata.barbosa1197@email.com
C1198,Mateus Almeida,Cabo Branco,2025-01-06,Não,36,mateus.almeida1198@email.com
C1199,Bruno Nóbrega,Bessa,2026-04-20,Sim,36,bruno.nobrega1199@email.com
C1200,Gustavo Oliveira,Tambaú,2024-10-14,Não,26,gustavo.oliveira1200@email.com
